city,province,region
Bangued,Abra,Cordillera Administrative Region (CAR)
Boliney,Abra,Cordillera Administrative Region (CAR)
Bucay,Abra,Cordillera Administrative Region (CAR)
Bucloc,Abra,Cordillera Administrative Region (CAR)
Daguioman,Abra,Cordillera Administrative Region (CAR)
Danglas,Abra,Cordillera Administrative Region (CAR)
Dolores,Abra,Cordillera Administrative Region (CAR)
La Paz,Abra,Cordillera Administrative Region (CAR)
Lacub,Abra,Cordillera Administrative Region (CAR)
Lagangilang,Abra,Cordillera Administrative Region (CAR)
Lagayan,Abra,Cordillera Administrative Region (CAR)
Langiden,Abra,Cordillera Administrative Region (CAR)
Licuan-Baay,Abra,Cordillera Administrative Region (CAR)
Luba,Abra,Cordillera Administrative Region (CAR)
Malibcong,Abra,Cordillera Administrative Region (CAR)
Manabo,Abra,Cordillera Administrative Region (CAR)
Peñarrubia,Abra,Cordillera Administrative Region (CAR)
Pidigan,Abra,Cordillera Administrative Region (CAR)
Pilar,Abra,Cordillera Administrative Region (CAR)
Sallapadan,Abra,Cordillera Administrative Region (CAR)
San Isidro,Abra,Cordillera Administrative Region (CAR)
San Juan,Abra,Cordillera Administrative Region (CAR)
San Quintin,Abra,Cordillera Administrative Region (CAR)
Tayum,Abra,Cordillera Administrative Region (CAR)
Tineg,Abra,Cordillera Administrative Region (CAR)
Tubo,Abra,Cordillera Administrative Region (CAR)
Villaviciosa,Abra,Cordillera Administrative Region (CAR)
Buenavista,Agusan del Norte,Region XIII - CARAGA
Butuan,Agusan del Norte,Region XIII - CARAGA
Cabadbaran,Agusan del Norte,Region XIII - CARAGA
Carmen,Agusan del Norte,Region XIII - CARAGA
Jabonga,Agusan del Norte,Region XIII - CARAGA
Kitcharao,Agusan del Norte,Region XIII - CARAGA
Las Nieves,Agusan del Norte,Region XIII - CARAGA
Magallanes,Agusan del Norte,Region XIII - CARAGA
Nasipit,Agusan del Norte,Region XIII - CARAGA
Remedios T. Romualdez,Agusan del Norte,Region XIII - CARAGA
Santiago,Agusan del Norte,Region XIII - CARAGA
Tubay,Agusan del Norte,Region XIII - CARAGA
Bayugan,Agusan del Sur,Region XIII - CARAGA
Bunawan,Agusan del Sur,Region XIII - CARAGA
Esperanza,Agusan del Sur,Region XIII - CARAGA
La Paz,Agusan del Sur,Region XIII - CARAGA
Loreto,Agusan del Sur,Region XIII - CARAGA
Prosperidad,Agusan del Sur,Region XIII - CARAGA
Rosario,Agusan del Sur,Region XIII - CARAGA
San Francisco,Agusan del Sur,Region XIII - CARAGA
San Luis,Agusan del Sur,Region XIII - CARAGA
Santa Josefa,Agusan del Sur,Region XIII - CARAGA
Sibagat,Agusan del Sur,Region XIII - CARAGA
Talacogon,Agusan del Sur,Region XIII - CARAGA
Trento,Agusan del Sur,Region XIII - CARAGA
Veruela,Agusan del Sur,Region XIII - CARAGA
Altavas,Aklan,Region VI - Western Visayas
Balete,Aklan,Region VI - Western Visayas
Banga,Aklan,Region VI - Western Visayas
Batan,Aklan,Region VI - Western Visayas
Buruanga,Aklan,Region VI - Western Visayas
Ibajay,Aklan,Region VI - Western Visayas
Kalibo,Aklan,Region VI - Western Visayas
Lezo,Aklan,Region VI - Western Visayas
Libacao,Aklan,Region VI - Western Visayas
Madalag,Aklan,Region VI - Western Visayas
Makato,Aklan,Region VI - Western Visayas
Malay,Aklan,Region VI - Western Visayas
Malinao,Aklan,Region VI - Western Visayas
Nabas,Aklan,Region VI - Western Visayas
New Washington,Aklan,Region VI - Western Visayas
Numancia,Aklan,Region VI - Western Visayas
Tangalan,Aklan,Region VI - Western Visayas
Bacacay,Albay,Region V - Bicol
Camalig,Albay,Region V - Bicol
Daraga,Albay,Region V - Bicol
Guinobatan,Albay,Region V - Bicol
Jovellar,Albay,Region V - Bicol
Legazpi,Albay,Region V - Bicol
Libon,Albay,Region V - Bicol
Ligao,Albay,Region V - Bicol
Malilipot,Albay,Region V - Bicol
Malinao,Albay,Region V - Bicol
Manito,Albay,Region V - Bicol
Oas,Albay,Region V - Bicol
Pio Duran,Albay,Region V - Bicol
Polangui,Albay,Region V - Bicol
Rapu-Rapu,Albay,Region V - Bicol
Santo Domingo,Albay,Region V - Bicol
Tabaco,Albay,Region V - Bicol
Tiwi,Albay,Region V - Bicol
Anini-Y,Antique,Region VI - Western Visayas
Barbaza,Antique,Region VI - Western Visayas
Belison,Antique,Region VI - Western Visayas
Bugasong,Antique,Region VI - Western Visayas
Caluya,Antique,Region VI - Western Visayas
Culasi,Antique,Region VI - Western Visayas
Hamtic,Antique,Region VI - Western Visayas
Laua-An,Antique,Region VI - Western Visayas
Libertad,Antique,Region VI - Western Visayas
Pandan,Antique,Region VI - Western Visayas
Patnongon,Antique,Region VI - Western Visayas
San Jose De Buenavista,Antique,Region VI - Western Visayas
San Remigio,Antique,Region VI - Western Visayas
Sebaste,Antique,Region VI - Western Visayas
Sibalom,Antique,Region VI - Western Visayas
Tibiao,Antique,Region VI - Western Visayas
Tobias Fornier,Antique,Region VI - Western Visayas
Valderrama,Antique,Region VI - Western Visayas
Calanasan,Apayao,Cordillera Administrative Region (CAR)
Conner,Apayao,Cordillera Administrative Region (CAR)
Flora,Apayao,Cordillera Administrative Region (CAR)
Kabugao,Apayao,Cordillera Administrative Region (CAR)
Luna,Apayao,Cordillera Administrative Region (CAR)
Pudtol,Apayao,Cordillera Administrative Region (CAR)
Santa Marcela,Apayao,Cordillera Administrative Region (CAR)
Baler,Aurora,Region III - Central Luzon
Casiguran,Aurora,Region III - Central Luzon
Dilasag,Aurora,Region III - Central Luzon
Dinalungan,Aurora,Region III - Central Luzon
Dingalan,Aurora,Region III - Central Luzon
Dipaculao,Aurora,Region III - Central Luzon
Maria Aurora,Aurora,Region III - Central Luzon
San Luis,Aurora,Region III - Central Luzon
Akbar,Basilan,Region IX - Zamboanga Peninsula
Al-Barka,Basilan,Region IX - Zamboanga Peninsula
Hadji Mohammad Ajul,Basilan,Region IX - Zamboanga Peninsula
Hadji Muhtamad,Basilan,Region IX - Zamboanga Peninsula
Isabela,Basilan,Region IX - Zamboanga Peninsula
Lamitan,Basilan,Region IX - Zamboanga Peninsula
Lantawan,Basilan,Region IX - Zamboanga Peninsula
Maluso,Basilan,Region IX - Zamboanga Peninsula
Sumisip,Basilan,Region IX - Zamboanga Peninsula
Tabuan-Lasa,Basilan,Region IX - Zamboanga Peninsula
Tipo-Tipo,Basilan,Region IX - Zamboanga Peninsula
Tuburan,Basilan,Region IX - Zamboanga Peninsula
Ungkaya Pukan,Basilan,Region IX - Zamboanga Peninsula
Abucay,Bataan,Region III - Central Luzon
Bagac,Bataan,Region III - Central Luzon
Balanga,Bataan,Region III - Central Luzon
Dinalupihan,Bataan,Region III - Central Luzon
Hermosa,Bataan,Region III - Central Luzon
Limay,Bataan,Region III - Central Luzon
Mariveles,Bataan,Region III - Central Luzon
Morong,Bataan,Region III - Central Luzon
Orani,Bataan,Region III - Central Luzon
Orion,Bataan,Region III - Central Luzon
Pilar,Bataan,Region III - Central Luzon
Samal,Bataan,Region III - Central Luzon
Basco,Batanes,Region II - Cagayan Valley
Itbayat,Batanes,Region II - Cagayan Valley
Ivana,Batanes,Region II - Cagayan Valley
Mahatao,Batanes,Region II - Cagayan Valley
Sabtang,Batanes,Region II - Cagayan Valley
Uyugan,Batanes,Region II - Cagayan Valley
Agoncillo,Batangas,Region IVA - CALABARZON
Alitagtag,Batangas,Region IVA - CALABARZON
Balayan,Batangas,Region IVA - CALABARZON
Balete,Batangas,Region IVA - CALABARZON
Batangas City,Batangas,Region IVA - CALABARZON
Bauan,Batangas,Region IVA - CALABARZON
Calaca,Batangas,Region IVA - CALABARZON
Calatagan,Batangas,Region IVA - CALABARZON
Cuenca,Batangas,Region IVA - CALABARZON
Ibaan,Batangas,Region IVA - CALABARZON
Laurel,Batangas,Region IVA - CALABARZON
Lemery,Batangas,Region IVA - CALABARZON
Lian,Batangas,Region IVA - CALABARZON
Lipa,Batangas,Region IVA - CALABARZON
Lobo,Batangas,Region IVA - CALABARZON
Mabini,Batangas,Region IVA - CALABARZON
Malvar,Batangas,Region IVA - CALABARZON
Mataasnakahoy,Batangas,Region IVA - CALABARZON
Nasugbu,Batangas,Region IVA - CALABARZON
Padre Garcia,Batangas,Region IVA - CALABARZON
Rosario,Batangas,Region IVA - CALABARZON
San Jose,Batangas,Region IVA - CALABARZON
San Juan,Batangas,Region IVA - CALABARZON
San Luis,Batangas,Region IVA - CALABARZON
San Nicolas,Batangas,Region IVA - CALABARZON
San Pascual,Batangas,Region IVA - CALABARZON
Santa Teresita,Batangas,Region IVA - CALABARZON
Santo Tomas,Batangas,Region IVA - CALABARZON
Taal,Batangas,Region IVA - CALABARZON
Talisay,Batangas,Region IVA - CALABARZON
Tanauan,Batangas,Region IVA - CALABARZON
Taysan,Batangas,Region IVA - CALABARZON
Tingloy,Batangas,Region IVA - CALABARZON
Tuy,Batangas,Region IVA - CALABARZON
Atok,Benguet,Cordillera Administrative Region (CAR)
Baguio,Benguet,Cordillera Administrative Region (CAR)
Bakun,Benguet,Cordillera Administrative Region (CAR)
Bokod,Benguet,Cordillera Administrative Region (CAR)
Buguias,Benguet,Cordillera Administrative Region (CAR)
Itogon,Benguet,Cordillera Administrative Region (CAR)
Kabayan,Benguet,Cordillera Administrative Region (CAR)
Kapangan,Benguet,Cordillera Administrative Region (CAR)
Kibungan,Benguet,Cordillera Administrative Region (CAR)
La Trinidad,Benguet,Cordillera Administrative Region (CAR)
Mankayan,Benguet,Cordillera Administrative Region (CAR)
Sablan,Benguet,Cordillera Administrative Region (CAR)
Tuba,Benguet,Cordillera Administrative Region (CAR)
Tublay,Benguet,Cordillera Administrative Region (CAR)
Almeria,Biliran,Region VIII - Eastern Visayas
Biliran,Biliran,Region VIII - Eastern Visayas
Cabucgayan,Biliran,Region VIII - Eastern Visayas
Caibiran,Biliran,Region VIII - Eastern Visayas
Culaba,Biliran,Region VIII - Eastern Visayas
Kawayan,Biliran,Region VIII - Eastern Visayas
Maripipi,Biliran,Region VIII - Eastern Visayas
Naval,Biliran,Region VIII - Eastern Visayas
Alburquerque,Bohol,Region VII - Central Visayas
Alicia,Bohol,Region VII - Central Visayas
Anda,Bohol,Region VII - Central Visayas
Antequera,Bohol,Region VII - Central Visayas
Baclayon,Bohol,Region VII - Central Visayas
Balilihan,Bohol,Region VII - Central Visayas
Batuan,Bohol,Region VII - Central Visayas
Bien Unido,Bohol,Region VII - Central Visayas
Bilar,Bohol,Region VII - Central Visayas
Buenavista,Bohol,Region VII - Central Visayas
Calape,Bohol,Region VII - Central Visayas
Candijay,Bohol,Region VII - Central Visayas
Carmen,Bohol,Region VII - Central Visayas
Catigbian,Bohol,Region VII - Central Visayas
Clarin,Bohol,Region VII - Central Visayas
Corella,Bohol,Region VII - Central Visayas
Cortes,Bohol,Region VII - Central Visayas
Dagohoy,Bohol,Region VII - Central Visayas
Danao,Bohol,Region VII - Central Visayas
Dauis,Bohol,Region VII - Central Visayas
Dimiao,Bohol,Region VII - Central Visayas
Duero,Bohol,Region VII - Central Visayas
Garcia Hernandez,Bohol,Region VII - Central Visayas
Getafe,Bohol,Region VII - Central Visayas
Guindulman,Bohol,Region VII - Central Visayas
Inabanga,Bohol,Region VII - Central Visayas
Jagna,Bohol,Region VII - Central Visayas
Lila,Bohol,Region VII - Central Visayas
Loay,Bohol,Region VII - Central Visayas
Loboc,Bohol,Region VII - Central Visayas
Loon,Bohol,Region VII - Central Visayas
Mabini,Bohol,Region VII - Central Visayas
Maribojoc,Bohol,Region VII - Central Visayas
Panglao,Bohol,Region VII - Central Visayas
Pilar,Bohol,Region VII - Central Visayas
President Carlos P. Garcia,Bohol,Region VII - Central Visayas
Sagbayan,Bohol,Region VII - Central Visayas
San Isidro,Bohol,Region VII - Central Visayas
San Miguel,Bohol,Region VII - Central Visayas
Sevilla,Bohol,Region VII - Central Visayas
Sierra Bullones,Bohol,Region VII - Central Visayas
Sikatuna,Bohol,Region VII - Central Visayas
Tagbilaran,Bohol,Region VII - Central Visayas
Talibon,Bohol,Region VII - Central Visayas
Trinidad,Bohol,Region VII - Central Visayas
Tubigon,Bohol,Region VII - Central Visayas
Ubay,Bohol,Region VII - Central Visayas
Valencia,Bohol,Region VII - Central Visayas
Baungon,Bukidnon,Region X - Northern Mindanao
Cabanglasan,Bukidnon,Region X - Northern Mindanao
Damulog,Bukidnon,Region X - Northern Mindanao
Dangcagan,Bukidnon,Region X - Northern Mindanao
Don Carlos,Bukidnon,Region X - Northern Mindanao
Impasugong,Bukidnon,Region X - Northern Mindanao
Kadingilan,Bukidnon,Region X - Northern Mindanao
Kalilangan,Bukidnon,Region X - Northern Mindanao
Kibawe,Bukidnon,Region X - Northern Mindanao
Kitaotao,Bukidnon,Region X - Northern Mindanao
Lantapan,Bukidnon,Region X - Northern Mindanao
Libona,Bukidnon,Region X - Northern Mindanao
Malaybalay,Bukidnon,Region X - Northern Mindanao
Malitbog,Bukidnon,Region X - Northern Mindanao
Manolo Fortich,Bukidnon,Region X - Northern Mindanao
Maramag,Bukidnon,Region X - Northern Mindanao
Pangantucan,Bukidnon,Region X - Northern Mindanao
Quezon,Bukidnon,Region X - Northern Mindanao
San Fernando,Bukidnon,Region X - Northern Mindanao
Sumilao,Bukidnon,Region X - Northern Mindanao
Talakag,Bukidnon,Region X - Northern Mindanao
Valencia,Bukidnon,Region X - Northern Mindanao
Angat,Bulacan,Region III - Central Luzon
Balagtas,Bulacan,Region III - Central Luzon
Baliwag,Bulacan,Region III - Central Luzon
Bocaue,Bulacan,Region III - Central Luzon
Bulakan,Bulacan,Region III - Central Luzon
Bustos,Bulacan,Region III - Central Luzon
Calumpit,Bulacan,Region III - Central Luzon
Doña Remedios Trinidad,Bulacan,Region III - Central Luzon
Guiguinto,Bulacan,Region III - Central Luzon
Hagonoy,Bulacan,Region III - Central Luzon
Malolos,Bulacan,Region III - Central Luzon
Marilao,Bulacan,Region III - Central Luzon
Meycauayan,Bulacan,Region III - Central Luzon
Norzagaray,Bulacan,Region III - Central Luzon
Obando,Bulacan,Region III - Central Luzon
Pandi,Bulacan,Region III - Central Luzon
Paombong,Bulacan,Region III - Central Luzon
Plaridel,Bulacan,Region III - Central Luzon
Pulilan,Bulacan,Region III - Central Luzon
San Ildefonso,Bulacan,Region III - Central Luzon
San Jose Del Monte,Bulacan,Region III - Central Luzon
San Miguel,Bulacan,Region III - Central Luzon
San Rafael,Bulacan,Region III - Central Luzon
Santa Maria,Bulacan,Region III - Central Luzon
Abulug,Cagayan,Region II - Cagayan Valley
Alcala,Cagayan,Region II - Cagayan Valley
Allacapan,Cagayan,Region II - Cagayan Valley
Amulung,Cagayan,Region II - Cagayan Valley
Aparri,Cagayan,Region II - Cagayan Valley
Baggao,Cagayan,Region II - Cagayan Valley
Ballesteros,Cagayan,Region II - Cagayan Valley
Buguey,Cagayan,Region II - Cagayan Valley
Calayan,Cagayan,Region II - Cagayan Valley
Camalaniugan,Cagayan,Region II - Cagayan Valley
Claveria,Cagayan,Region II - Cagayan Valley
Enrile,Cagayan,Region II - Cagayan Valley
Gattaran,Cagayan,Region II - Cagayan Valley
Gonzaga,Cagayan,Region II - Cagayan Valley
Iguig,Cagayan,Region II - Cagayan Valley
Lal-Lo,Cagayan,Region II - Cagayan Valley
Lasam,Cagayan,Region II - Cagayan Valley
Pamplona,Cagayan,Region II - Cagayan Valley
Peñablanca,Cagayan,Region II - Cagayan Valley
Piat,Cagayan,Region II - Cagayan Valley
Rizal,Cagayan,Region II - Cagayan Valley
Sanchez-Mira,Cagayan,Region II - Cagayan Valley
Santa Ana,Cagayan,Region II - Cagayan Valley
Santa Praxedes,Cagayan,Region II - Cagayan Valley
Santa Teresita,Cagayan,Region II - Cagayan Valley
Santo Niño,Cagayan,Region II - Cagayan Valley
Solana,Cagayan,Region II - Cagayan Valley
Tuao,Cagayan,Region II - Cagayan Valley
Tuguegarao,Cagayan,Region II - Cagayan Valley
Basud,Camarines Norte,Region V - Bicol
Capalonga,Camarines Norte,Region V - Bicol
Daet,Camarines Norte,Region V - Bicol
Jose Panganiban,Camarines Norte,Region V - Bicol
Labo,Camarines Norte,Region V - Bicol
Mercedes,Camarines Norte,Region V - Bicol
Paracale,Camarines Norte,Region V - Bicol
San Lorenzo Ruiz,Camarines Norte,Region V - Bicol
San Vicente,Camarines Norte,Region V - Bicol
Santa Elena,Camarines Norte,Region V - Bicol
Talisay,Camarines Norte,Region V - Bicol
Vinzons,Camarines Norte,Region V - Bicol
Baao,Camarines Sur,Region V - Bicol
Balatan,Camarines Sur,Region V - Bicol
Bato,Camarines Sur,Region V - Bicol
Bombon,Camarines Sur,Region V - Bicol
Buhi,Camarines Sur,Region V - Bicol
Bula,Camarines Sur,Region V - Bicol
Cabusao,Camarines Sur,Region V - Bicol
Calabanga,Camarines Sur,Region V - Bicol
Camaligan,Camarines Sur,Region V - Bicol
Canaman,Camarines Sur,Region V - Bicol
Caramoan,Camarines Sur,Region V - Bicol
Del Gallego,Camarines Sur,Region V - Bicol
Gainza,Camarines Sur,Region V - Bicol
Garchitorena,Camarines Sur,Region V - Bicol
Goa,Camarines Sur,Region V - Bicol
Iriga,Camarines Sur,Region V - Bicol
Lagonoy,Camarines Sur,Region V - Bicol
Libmanan,Camarines Sur,Region V - Bicol
Lupi,Camarines Sur,Region V - Bicol
Magarao,Camarines Sur,Region V - Bicol
Milaor,Camarines Sur,Region V - Bicol
Minalabac,Camarines Sur,Region V - Bicol
Nabua,Camarines Sur,Region V - Bicol
Naga,Camarines Sur,Region V - Bicol
Ocampo,Camarines Sur,Region V - Bicol
Pamplona,Camarines Sur,Region V - Bicol
Pasacao,Camarines Sur,Region V - Bicol
Pili,Camarines Sur,Region V - Bicol
Presentacion,Camarines Sur,Region V - Bicol
Ragay,Camarines Sur,Region V - Bicol
Sagñay,Camarines Sur,Region V - Bicol
San Fernando,Camarines Sur,Region V - Bicol
San Jose,Camarines Sur,Region V - Bicol
Sipocot,Camarines Sur,Region V - Bicol
Siruma,Camarines Sur,Region V - Bicol
Tigaon,Camarines Sur,Region V - Bicol
Tinambac,Camarines Sur,Region V - Bicol
Catarman,Camiguin,Region X - Northern Mindanao
Guinsiliban,Camiguin,Region X - Northern Mindanao
Mahinog,Camiguin,Region X - Northern Mindanao
Mambajao,Camiguin,Region X - Northern Mindanao
Sagay,Camiguin,Region X - Northern Mindanao
Cuartero,Capiz,Region VI - Western Visayas
Dao,Capiz,Region VI - Western Visayas
Dumalag,Capiz,Region VI - Western Visayas
Dumarao,Capiz,Region VI - Western Visayas
Ivisan,Capiz,Region VI - Western Visayas
Jamindan,Capiz,Region VI - Western Visayas
Ma-Ayon,Capiz,Region VI - Western Visayas
Mambusao,Capiz,Region VI - Western Visayas
Panay,Capiz,Region VI - Western Visayas
Panitan,Capiz,Region VI - Western Visayas
Pilar,Capiz,Region VI - Western Visayas
Pontevedra,Capiz,Region VI - Western Visayas
President Roxas,Capiz,Region VI - Western Visayas
Roxas,Capiz,Region VI - Western Visayas
Sapian,Capiz,Region VI - Western Visayas
Sigma,Capiz,Region VI - Western Visayas
Tapaz,Capiz,Region VI - Western Visayas
Bagamanoc,Catanduanes,Region V - Bicol
Baras,Catanduanes,Region V - Bicol
Bato,Catanduanes,Region V - Bicol
Caramoran,Catanduanes,Region V - Bicol
Gigmoto,Catanduanes,Region V - Bicol
Pandan,Catanduanes,Region V - Bicol
Panganiban,Catanduanes,Region V - Bicol
San Andres,Catanduanes,Region V - Bicol
San Miguel,Catanduanes,Region V - Bicol
Viga,Catanduanes,Region V - Bicol
Virac,Catanduanes,Region V - Bicol
Alfonso,Cavite,Region IVA - CALABARZON
Amadeo,Cavite,Region IVA - CALABARZON
Bacoor,Cavite,Region IVA - CALABARZON
Carmona,Cavite,Region IVA - CALABARZON
Cavite City,Cavite,Region IVA - CALABARZON
Dasmariñas,Cavite,Region IVA - CALABARZON
General Emilio Aguinaldo,Cavite,Region IVA - CALABARZON
General Mariano Alvarez,Cavite,Region IVA - CALABARZON
General Trias,Cavite,Region IVA - CALABARZON
Imus,Cavite,Region IVA - CALABARZON
Indang,Cavite,Region IVA - CALABARZON
Kawit,Cavite,Region IVA - CALABARZON
Magallanes,Cavite,Region IVA - CALABARZON
Maragondon,Cavite,Region IVA - CALABARZON
Mendez,Cavite,Region IVA - CALABARZON
Naic,Cavite,Region IVA - CALABARZON
Noveleta,Cavite,Region IVA - CALABARZON
Rosario,Cavite,Region IVA - CALABARZON
Silang,Cavite,Region IVA - CALABARZON
Tagaytay,Cavite,Region IVA - CALABARZON
Tanza,Cavite,Region IVA - CALABARZON
Ternate,Cavite,Region IVA - CALABARZON
Trece Martires,Cavite,Region IVA - CALABARZON
Alcantara,Cebu,Region VII - Central Visayas
Alcoy,Cebu,Region VII - Central Visayas
Alegria,Cebu,Region VII - Central Visayas
Aloguinsan,Cebu,Region VII - Central Visayas
Argao,Cebu,Region VII - Central Visayas
Asturias,Cebu,Region VII - Central Visayas
Badian,Cebu,Region VII - Central Visayas
Balamban,Cebu,Region VII - Central Visayas
Bantayan,Cebu,Region VII - Central Visayas
Barili,Cebu,Region VII - Central Visayas
Bogo,Cebu,Region VII - Central Visayas
Boljoon,Cebu,Region VII - Central Visayas
Borbon,Cebu,Region VII - Central Visayas
Carcar,Cebu,Region VII - Central Visayas
Carmen,Cebu,Region VII - Central Visayas
Catmon,Cebu,Region VII - Central Visayas
Cebu City,Cebu,Region VII - Central Visayas
Compostela,Cebu,Region VII - Central Visayas
Consolacion,Cebu,Region VII - Central Visayas
Cordova,Cebu,Region VII - Central Visayas
Daanbantayan,Cebu,Region VII - Central Visayas
Dalaguete,Cebu,Region VII - Central Visayas
Danao,Cebu,Region VII - Central Visayas
Dumanjug,Cebu,Region VII - Central Visayas
Ginatilan,Cebu,Region VII - Central Visayas
Lapu-Lapu,Cebu,Region VII - Central Visayas
Liloan,Cebu,Region VII - Central Visayas
Madridejos,Cebu,Region VII - Central Visayas
Malabuyoc,Cebu,Region VII - Central Visayas
Mandaue,Cebu,Region VII - Central Visayas
Medellin,Cebu,Region VII - Central Visayas
Minglanilla,Cebu,Region VII - Central Visayas
Moalboal,Cebu,Region VII - Central Visayas
Naga,Cebu,Region VII - Central Visayas
Oslob,Cebu,Region VII - Central Visayas
Pilar,Cebu,Region VII - Central Visayas
Pinamungajan,Cebu,Region VII - Central Visayas
Poro,Cebu,Region VII - Central Visayas
Ronda,Cebu,Region VII - Central Visayas
Samboan,Cebu,Region VII - Central Visayas
San Fernando,Cebu,Region VII - Central Visayas
San Francisco,Cebu,Region VII - Central Visayas
San Remigio,Cebu,Region VII - Central Visayas
Santa Fe,Cebu,Region VII - Central Visayas
Santander,Cebu,Region VII - Central Visayas
Sibonga,Cebu,Region VII - Central Visayas
Sogod,Cebu,Region VII - Central Visayas
Tabogon,Cebu,Region VII - Central Visayas
Tabuelan,Cebu,Region VII - Central Visayas
Talisay,Cebu,Region VII - Central Visayas
Toledo,Cebu,Region VII - Central Visayas
Tuburan,Cebu,Region VII - Central Visayas
Tudela,Cebu,Region VII - Central Visayas
Alamada,Cotabato,Region XII - SOCCSKSARGEN
Aleosan,Cotabato,Region XII - SOCCSKSARGEN
Antipas,Cotabato,Region XII - SOCCSKSARGEN
Arakan,Cotabato,Region XII - SOCCSKSARGEN
Banisilan,Cotabato,Region XII - SOCCSKSARGEN
Carmen,Cotabato,Region XII - SOCCSKSARGEN
Kabacan,Cotabato,Region XII - SOCCSKSARGEN
Kidapawan,Cotabato,Region XII - SOCCSKSARGEN
Libungan,Cotabato,Region XII - SOCCSKSARGEN
M'Lang,Cotabato,Region XII - SOCCSKSARGEN
Magpet,Cotabato,Region XII - SOCCSKSARGEN
Makilala,Cotabato,Region XII - SOCCSKSARGEN
Matalam,Cotabato,Region XII - SOCCSKSARGEN
Midsayap,Cotabato,Region XII - SOCCSKSARGEN
Pigcawayan,Cotabato,Region XII - SOCCSKSARGEN
Pikit,Cotabato,Region XII - SOCCSKSARGEN
President Roxas,Cotabato,Region XII - SOCCSKSARGEN
Tulunan,Cotabato,Region XII - SOCCSKSARGEN
Compostela,Davao de Oro,Region XI - Davao
Laak,Davao de Oro,Region XI - Davao
Mabini,Davao de Oro,Region XI - Davao
Maco,Davao de Oro,Region XI - Davao
Maragusan,Davao de Oro,Region XI - Davao
Mawab,Davao de Oro,Region XI - Davao
Monkayo,Davao de Oro,Region XI - Davao
Montevista,Davao de Oro,Region XI - Davao
Nabunturan,Davao de Oro,Region XI - Davao
New Bataan,Davao de Oro,Region XI - Davao
Pantukan,Davao de Oro,Region XI - Davao
Asuncion,Davao del Norte,Region XI - Davao
Braulio E. Dujali,Davao del Norte,Region XI - Davao
Carmen,Davao del Norte,Region XI - Davao
Kapalong,Davao del Norte,Region XI - Davao
New Corella,Davao del Norte,Region XI - Davao
Panabo,Davao del Norte,Region XI - Davao
Samal,Davao del Norte,Region XI - Davao
San Isidro,Davao del Norte,Region XI - Davao
Santo Tomas,Davao del Norte,Region XI - Davao
Tagum,Davao del Norte,Region XI - Davao
Talaingod,Davao del Norte,Region XI - Davao
Bansalan,Davao del Sur,Region XI - Davao
Davao City,Davao del Sur,Region XI - Davao
Digos,Davao del Sur,Region XI - Davao
Hagonoy,Davao del Sur,Region XI - Davao
Kiblawan,Davao del Sur,Region XI - Davao
Magsaysay,Davao del Sur,Region XI - Davao
Malalag,Davao del Sur,Region XI - Davao
Matanao,Davao del Sur,Region XI - Davao
Padada,Davao del Sur,Region XI - Davao
Santa Cruz,Davao del Sur,Region XI - Davao
Sulop,Davao del Sur,Region XI - Davao
Don Marcelino,Davao Occidental,Region XI - Davao
Jose Abad Santos,Davao Occidental,Region XI - Davao
Malita,Davao Occidental,Region XI - Davao
Santa Maria,Davao Occidental,Region XI - Davao
Sarangani,Davao Occidental,Region XI - Davao
Baganga,Davao Oriental,Region XI - Davao
Banaybanay,Davao Oriental,Region XI - Davao
Boston,Davao Oriental,Region XI - Davao
Caraga,Davao Oriental,Region XI - Davao
Cateel,Davao Oriental,Region XI - Davao
Governor Generoso,Davao Oriental,Region XI - Davao
Lupon,Davao Oriental,Region XI - Davao
Manay,Davao Oriental,Region XI - Davao
Mati,Davao Oriental,Region XI - Davao
San Isidro,Davao Oriental,Region XI - Davao
Tarragona,Davao Oriental,Region XI - Davao
Basilisa,Dinagat Islands,Region XIII - CARAGA
Cagdianao,Dinagat Islands,Region XIII - CARAGA
Dinagat,Dinagat Islands,Region XIII - CARAGA
Libjo,Dinagat Islands,Region XIII - CARAGA
Loreto,Dinagat Islands,Region XIII - CARAGA
San Jose,Dinagat Islands,Region XIII - CARAGA
Tubajon,Dinagat Islands,Region XIII - CARAGA
Arteche,Eastern Samar,Region VIII - Eastern Visayas
Balangiga,Eastern Samar,Region VIII - Eastern Visayas
Balangkayan,Eastern Samar,Region VIII - Eastern Visayas
Borongan,Eastern Samar,Region VIII - Eastern Visayas
Can-Avid,Eastern Samar,Region VIII - Eastern Visayas
Dolores,Eastern Samar,Region VIII - Eastern Visayas
General Macarthur,Eastern Samar,Region VIII - Eastern Visayas
Giporlos,Eastern Samar,Region VIII - Eastern Visayas
Guiuan,Eastern Samar,Region VIII - Eastern Visayas
Hernani,Eastern Samar,Region VIII - Eastern Visayas
Jipapad,Eastern Samar,Region VIII - Eastern Visayas
Lawaan,Eastern Samar,Region VIII - Eastern Visayas
Llorente,Eastern Samar,Region VIII - Eastern Visayas
Maslog,Eastern Samar,Region VIII - Eastern Visayas
Maydolong,Eastern Samar,Region VIII - Eastern Visayas
Mercedes,Eastern Samar,Region VIII - Eastern Visayas
Oras,Eastern Samar,Region VIII - Eastern Visayas
Quinapondan,Eastern Samar,Region VIII - Eastern Visayas
Salcedo,Eastern Samar,Region VIII - Eastern Visayas
San Julian,Eastern Samar,Region VIII - Eastern Visayas
San Policarpo,Eastern Samar,Region VIII - Eastern Visayas
Sulat,Eastern Samar,Region VIII - Eastern Visayas
Taft,Eastern Samar,Region VIII - Eastern Visayas
Buenavista,Guimaras,Region VI - Western Visayas
Jordan,Guimaras,Region VI - Western Visayas
Nueva Valencia,Guimaras,Region VI - Western Visayas
San Lorenzo,Guimaras,Region VI - Western Visayas
Sibunag,Guimaras,Region VI - Western Visayas
Aguinaldo,Ifugao,Cordillera Administrative Region (CAR)
Alfonso Lista,Ifugao,Cordillera Administrative Region (CAR)
Asipulo,Ifugao,Cordillera Administrative Region (CAR)
Banaue,Ifugao,Cordillera Administrative Region (CAR)
Hingyon,Ifugao,Cordillera Administrative Region (CAR)
Hungduan,Ifugao,Cordillera Administrative Region (CAR)
Kiangan,Ifugao,Cordillera Administrative Region (CAR)
Lagawe,Ifugao,Cordillera Administrative Region (CAR)
Lamut,Ifugao,Cordillera Administrative Region (CAR)
Mayoyao,Ifugao,Cordillera Administrative Region (CAR)
Tinoc,Ifugao,Cordillera Administrative Region (CAR)
Adams,Ilocos Norte,Region I - Ilocos
Bacarra,Ilocos Norte,Region I - Ilocos
Badoc,Ilocos Norte,Region I - Ilocos
Bangui,Ilocos Norte,Region I - Ilocos
Banna,Ilocos Norte,Region I - Ilocos
Batac,Ilocos Norte,Region I - Ilocos
Burgos,Ilocos Norte,Region I - Ilocos
Carasi,Ilocos Norte,Region I - Ilocos
Currimao,Ilocos Norte,Region I - Ilocos
Dingras,Ilocos Norte,Region I - Ilocos
Dumalneg,Ilocos Norte,Region I - Ilocos
Laoag,Ilocos Norte,Region I - Ilocos
Marcos,Ilocos Norte,Region I - Ilocos
Nueva Era,Ilocos Norte,Region I - Ilocos
Pagudpud,Ilocos Norte,Region I - Ilocos
Paoay,Ilocos Norte,Region I - Ilocos
Pasuquin,Ilocos Norte,Region I - Ilocos
Piddig,Ilocos Norte,Region I - Ilocos
Pinili,Ilocos Norte,Region I - Ilocos
San Nicolas,Ilocos Norte,Region I - Ilocos
Sarrat,Ilocos Norte,Region I - Ilocos
Solsona,Ilocos Norte,Region I - Ilocos
Vintar,Ilocos Norte,Region I - Ilocos
Alilem,Ilocos Sur,Region I - Ilocos
Banayoyo,Ilocos Sur,Region I - Ilocos
Bantay,Ilocos Sur,Region I - Ilocos
Burgos,Ilocos Sur,Region I - Ilocos
Cabugao,Ilocos Sur,Region I - Ilocos
Candon,Ilocos Sur,Region I - Ilocos
Caoayan,Ilocos Sur,Region I - Ilocos
Cervantes,Ilocos Sur,Region I - Ilocos
Galimuyod,Ilocos Sur,Region I - Ilocos
Gregorio Del Pilar,Ilocos Sur,Region I - Ilocos
Lidlidda,Ilocos Sur,Region I - Ilocos
Magsingal,Ilocos Sur,Region I - Ilocos
Nagbukel,Ilocos Sur,Region I - Ilocos
Narvacan,Ilocos Sur,Region I - Ilocos
Quirino,Ilocos Sur,Region I - Ilocos
Salcedo,Ilocos Sur,Region I - Ilocos
San Emilio,Ilocos Sur,Region I - Ilocos
San Esteban,Ilocos Sur,Region I - Ilocos
San Ildefonso,Ilocos Sur,Region I - Ilocos
San Juan,Ilocos Sur,Region I - Ilocos
San Vicente,Ilocos Sur,Region I - Ilocos
Santa Catalina,Ilocos Sur,Region I - Ilocos
Santa Cruz,Ilocos Sur,Region I - Ilocos
Santa Lucia,Ilocos Sur,Region I - Ilocos
Santa Maria,Ilocos Sur,Region I - Ilocos
Santa,Ilocos Sur,Region I - Ilocos
Santiago,Ilocos Sur,Region I - Ilocos
Santo Domingo,Ilocos Sur,Region I - Ilocos
Sigay,Ilocos Sur,Region I - Ilocos
Sinait,Ilocos Sur,Region I - Ilocos
Sugpon,Ilocos Sur,Region I - Ilocos
Suyo,Ilocos Sur,Region I - Ilocos
Tagudin,Ilocos Sur,Region I - Ilocos
Vigan,Ilocos Sur,Region I - Ilocos
Ajuy,Iloilo,Region VI - Western Visayas
Alimodian,Iloilo,Region VI - Western Visayas
Anilao,Iloilo,Region VI - Western Visayas
Badiangan,Iloilo,Region VI - Western Visayas
Balasan,Iloilo,Region VI - Western Visayas
Banate,Iloilo,Region VI - Western Visayas
Barotac Nuevo,Iloilo,Region VI - Western Visayas
Barotac Viejo,Iloilo,Region VI - Western Visayas
Batad,Iloilo,Region VI - Western Visayas
Bingawan,Iloilo,Region VI - Western Visayas
Cabatuan,Iloilo,Region VI - Western Visayas
Calinog,Iloilo,Region VI - Western Visayas
Carles,Iloilo,Region VI - Western Visayas
Concepcion,Iloilo,Region VI - Western Visayas
Dingle,Iloilo,Region VI - Western Visayas
Dueñas,Iloilo,Region VI - Western Visayas
Dumangas,Iloilo,Region VI - Western Visayas
Estancia,Iloilo,Region VI - Western Visayas
Guimbal,Iloilo,Region VI - Western Visayas
Igbaras,Iloilo,Region VI - Western Visayas
Iloilo City,Iloilo,Region VI - Western Visayas
Janiuay,Iloilo,Region VI - Western Visayas
Lambunao,Iloilo,Region VI - Western Visayas
Leganes,Iloilo,Region VI - Western Visayas
Lemery,Iloilo,Region VI - Western Visayas
Leon,Iloilo,Region VI - Western Visayas
Maasin,Iloilo,Region VI - Western Visayas
Miagao,Iloilo,Region VI - Western Visayas
Mina,Iloilo,Region VI - Western Visayas
New Lucena,Iloilo,Region VI - Western Visayas
Oton,Iloilo,Region VI - Western Visayas
Passi,Iloilo,Region VI - Western Visayas
Pavia,Iloilo,Region VI - Western Visayas
Pototan,Iloilo,Region VI - Western Visayas
San Dionisio,Iloilo,Region VI - Western Visayas
San Enrique,Iloilo,Region VI - Western Visayas
San Joaquin,Iloilo,Region VI - Western Visayas
San Miguel,Iloilo,Region VI - Western Visayas
San Rafael,Iloilo,Region VI - Western Visayas
Santa Barbara,Iloilo,Region VI - Western Visayas
Sara,Iloilo,Region VI - Western Visayas
Tigbauan,Iloilo,Region VI - Western Visayas
Tubungan,Iloilo,Region VI - Western Visayas
Zarraga,Iloilo,Region VI - Western Visayas
Alicia,Isabela,Region II - Cagayan Valley
Angadanan,Isabela,Region II - Cagayan Valley
Aurora,Isabela,Region II - Cagayan Valley
Benito Soliven,Isabela,Region II - Cagayan Valley
Burgos,Isabela,Region II - Cagayan Valley
Cabagan,Isabela,Region II - Cagayan Valley
Cabatuan,Isabela,Region II - Cagayan Valley
Cauayan,Isabela,Region II - Cagayan Valley
Cordon,Isabela,Region II - Cagayan Valley
Delfin Albano,Isabela,Region II - Cagayan Valley
Dinapigue,Isabela,Region II - Cagayan Valley
Divilacan,Isabela,Region II - Cagayan Valley
Echague,Isabela,Region II - Cagayan Valley
Gamu,Isabela,Region II - Cagayan Valley
Ilagan,Isabela,Region II - Cagayan Valley
Jones,Isabela,Region II - Cagayan Valley
Luna,Isabela,Region II - Cagayan Valley
Maconacon,Isabela,Region II - Cagayan Valley
Mallig,Isabela,Region II - Cagayan Valley
Naguilian,Isabela,Region II - Cagayan Valley
Palanan,Isabela,Region II - Cagayan Valley
Quezon,Isabela,Region II - Cagayan Valley
Quirino,Isabela,Region II - Cagayan Valley
Ramon,Isabela,Region II - Cagayan Valley
Reina Mercedes,Isabela,Region II - Cagayan Valley
Roxas,Isabela,Region II - Cagayan Valley
San Agustin,Isabela,Region II - Cagayan Valley
San Guillermo,Isabela,Region II - Cagayan Valley
San Isidro,Isabela,Region II - Cagayan Valley
San Manuel,Isabela,Region II - Cagayan Valley
San Mariano,Isabela,Region II - Cagayan Valley
San Mateo,Isabela,Region II - Cagayan Valley
San Pablo,Isabela,Region II - Cagayan Valley
Santa Maria,Isabela,Region II - Cagayan Valley
Santiago,Isabela,Region II - Cagayan Valley
Santo Tomas,Isabela,Region II - Cagayan Valley
Tumauini,Isabela,Region II - Cagayan Valley
Balbalan,Kalinga,Cordillera Administrative Region (CAR)
Lubuagan,Kalinga,Cordillera Administrative Region (CAR)
Pasil,Kalinga,Cordillera Administrative Region (CAR)
Pinukpuk,Kalinga,Cordillera Administrative Region (CAR)
Rizal,Kalinga,Cordillera Administrative Region (CAR)
Tabuk,Kalinga,Cordillera Administrative Region (CAR)
Tanudan,Kalinga,Cordillera Administrative Region (CAR)
Tinglayan,Kalinga,Cordillera Administrative Region (CAR)
Agoo,La Union,Region I - Ilocos
Aringay,La Union,Region I - Ilocos
Bacnotan,La Union,Region I - Ilocos
Bagulin,La Union,Region I - Ilocos
Balaoan,La Union,Region I - Ilocos
Bangar,La Union,Region I - Ilocos
Bauang,La Union,Region I - Ilocos
Burgos,La Union,Region I - Ilocos
Caba,La Union,Region I - Ilocos
Luna,La Union,Region I - Ilocos
Naguilian,La Union,Region I - Ilocos
Pugo,La Union,Region I - Ilocos
Rosario,La Union,Region I - Ilocos
San Fernando,La Union,Region I - Ilocos
San Gabriel,La Union,Region I - Ilocos
San Juan,La Union,Region I - Ilocos
Santo Tomas,La Union,Region I - Ilocos
Santol,La Union,Region I - Ilocos
Sudipen,La Union,Region I - Ilocos
Tubao,La Union,Region I - Ilocos
Alaminos,Laguna,Region IVA - CALABARZON
Bay,Laguna,Region IVA - CALABARZON
Biñan,Laguna,Region IVA - CALABARZON
Cabuyao,Laguna,Region IVA - CALABARZON
Calamba,Laguna,Region IVA - CALABARZON
Calauan,Laguna,Region IVA - CALABARZON
Cavinti,Laguna,Region IVA - CALABARZON
Famy,Laguna,Region IVA - CALABARZON
Kalayaan,Laguna,Region IVA - CALABARZON
Liliw,Laguna,Region IVA - CALABARZON
Los Baños,Laguna,Region IVA - CALABARZON
Luisiana,Laguna,Region IVA - CALABARZON
Lumban,Laguna,Region IVA - CALABARZON
Mabitac,Laguna,Region IVA - CALABARZON
Magdalena,Laguna,Region IVA - CALABARZON
Majayjay,Laguna,Region IVA - CALABARZON
Nagcarlan,Laguna,Region IVA - CALABARZON
Paete,Laguna,Region IVA - CALABARZON
Pagsanjan,Laguna,Region IVA - CALABARZON
Pakil,Laguna,Region IVA - CALABARZON
Pangil,Laguna,Region IVA - CALABARZON
Pila,Laguna,Region IVA - CALABARZON
Rizal,Laguna,Region IVA - CALABARZON
San Pablo,Laguna,Region IVA - CALABARZON
San Pedro,Laguna,Region IVA - CALABARZON
Santa Cruz,Laguna,Region IVA - CALABARZON
Santa Maria,Laguna,Region IVA - CALABARZON
Santa Rosa,Laguna,Region IVA - CALABARZON
Siniloan,Laguna,Region IVA - CALABARZON
Victoria,Laguna,Region IVA - CALABARZON
Bacolod,Lanao del Norte,Region X - Northern Mindanao
Balo-I,Lanao del Norte,Region X - Northern Mindanao
Baroy,Lanao del Norte,Region X - Northern Mindanao
Iligan,Lanao del Norte,Region X - Northern Mindanao
Kapatagan,Lanao del Norte,Region X - Northern Mindanao
Kauswagan,Lanao del Norte,Region X - Northern Mindanao
Kolambugan,Lanao del Norte,Region X - Northern Mindanao
Lala,Lanao del Norte,Region X - Northern Mindanao
Linamon,Lanao del Norte,Region X - Northern Mindanao
Magsaysay,Lanao del Norte,Region X - Northern Mindanao
Maigo,Lanao del Norte,Region X - Northern Mindanao
Matungao,Lanao del Norte,Region X - Northern Mindanao
Munai,Lanao del Norte,Region X - Northern Mindanao
Nunungan,Lanao del Norte,Region X - Northern Mindanao
Pantao Ragat,Lanao del Norte,Region X - Northern Mindanao
Pantar,Lanao del Norte,Region X - Northern Mindanao
Poona Piagapo,Lanao del Norte,Region X - Northern Mindanao
Salvador,Lanao del Norte,Region X - Northern Mindanao
Sapad,Lanao del Norte,Region X - Northern Mindanao
Sultan Naga Dimaporo,Lanao del Norte,Region X - Northern Mindanao
Tagoloan,Lanao del Norte,Region X - Northern Mindanao
Tangcal,Lanao del Norte,Region X - Northern Mindanao
Tubod,Lanao del Norte,Region X - Northern Mindanao
Amai Manabilang,Lanao del Sur,Bangsamoro Autonomous Region In Muslim Mindanao (BARMM)
Bacolod-Kalawi,Lanao del Sur,Bangsamoro Autonomous Region In Muslim Mindanao (BARMM)
Balabagan,Lanao del Sur,Bangsamoro Autonomous Region In Muslim Mindanao (BARMM)
Balindong,Lanao del Sur,Bangsamoro Autonomous Region In Muslim Mindanao (BARMM)
Bayang,Lanao del Sur,Bangsamoro Autonomous Region In Muslim Mindanao (BARMM)
Binidayan,Lanao del Sur,Bangsamoro Autonomous Region In Muslim Mindanao (BARMM)
Buadiposo-Buntong,Lanao del Sur,Bangsamoro Autonomous Region In Muslim Mindanao (BARMM)
Bubong,Lanao del Sur,Bangsamoro Autonomous Region In Muslim Mindanao (BARMM)
Butig,Lanao del Sur,Bangsamoro Autonomous Region In Muslim Mindanao (BARMM)
Calanogas,Lanao del Sur,Bangsamoro Autonomous Region In Muslim Mindanao (BARMM)
Ditsaan-Ramain,Lanao del Sur,Bangsamoro Autonomous Region In Muslim Mindanao (BARMM)
Ganassi,Lanao del Sur,Bangsamoro Autonomous Region In Muslim Mindanao (BARMM)
Kapai,Lanao del Sur,Bangsamoro Autonomous Region In Muslim Mindanao (BARMM)
Kapatagan,Lanao del Sur,Bangsamoro Autonomous Region In Muslim Mindanao (BARMM)
Lumba-Bayabao,Lanao del Sur,Bangsamoro Autonomous Region In Muslim Mindanao (BARMM)
Lumbaca-Unayan,Lanao del Sur,Bangsamoro Autonomous Region In Muslim Mindanao (BARMM)
Lumbatan,Lanao del Sur,Bangsamoro Autonomous Region In Muslim Mindanao (BARMM)
Lumbayanague,Lanao del Sur,Bangsamoro Autonomous Region In Muslim Mindanao (BARMM)
Madalum,Lanao del Sur,Bangsamoro Autonomous Region In Muslim Mindanao (BARMM)
Madamba,Lanao del Sur,Bangsamoro Autonomous Region In Muslim Mindanao (BARMM)
Maguing,Lanao del Sur,Bangsamoro Autonomous Region In Muslim Mindanao (BARMM)
Malabang,Lanao del Sur,Bangsamoro Autonomous Region In Muslim Mindanao (BARMM)
Marantao,Lanao del Sur,Bangsamoro Autonomous Region In Muslim Mindanao (BARMM)
Marawi,Lanao del Sur,Bangsamoro Autonomous Region In Muslim Mindanao (BARMM)
Marogong,Lanao del Sur,Bangsamoro Autonomous Region In Muslim Mindanao (BARMM)
Masiu,Lanao del Sur,Bangsamoro Autonomous Region In Muslim Mindanao (BARMM)
Mulondo,Lanao del Sur,Bangsamoro Autonomous Region In Muslim Mindanao (BARMM)
Pagayawan,Lanao del Sur,Bangsamoro Autonomous Region In Muslim Mindanao (BARMM)
Piagapo,Lanao del Sur,Bangsamoro Autonomous Region In Muslim Mindanao (BARMM)
Picong,Lanao del Sur,Bangsamoro Autonomous Region In Muslim Mindanao (BARMM)
Poona Bayabao,Lanao del Sur,Bangsamoro Autonomous Region In Muslim Mindanao (BARMM)
Pualas,Lanao del Sur,Bangsamoro Autonomous Region In Muslim Mindanao (BARMM)
Saguiaran,Lanao del Sur,Bangsamoro Autonomous Region In Muslim Mindanao (BARMM)
Sultan Dumalondong,Lanao del Sur,Bangsamoro Autonomous Region In Muslim Mindanao (BARMM)
Tagoloan Ii,Lanao del Sur,Bangsamoro Autonomous Region In Muslim Mindanao (BARMM)
Tamparan,Lanao del Sur,Bangsamoro Autonomous Region In Muslim Mindanao (BARMM)
Taraka,Lanao del Sur,Bangsamoro Autonomous Region In Muslim Mindanao (BARMM)
Tubaran,Lanao del Sur,Bangsamoro Autonomous Region In Muslim Mindanao (BARMM)
Tugaya,Lanao del Sur,Bangsamoro Autonomous Region In Muslim Mindanao (BARMM)
Wao,Lanao del Sur,Bangsamoro Autonomous Region In Muslim Mindanao (BARMM)
Abuyog,Leyte,Region VIII - Eastern Visayas
Alangalang,Leyte,Region VIII - Eastern Visayas
Albuera,Leyte,Region VIII - Eastern Visayas
Babatngon,Leyte,Region VIII - Eastern Visayas
Barugo,Leyte,Region VIII - Eastern Visayas
Bato,Leyte,Region VIII - Eastern Visayas
Baybay,Leyte,Region VIII - Eastern Visayas
Burauen,Leyte,Region VIII - Eastern Visayas
Calubian,Leyte,Region VIII - Eastern Visayas
Capoocan,Leyte,Region VIII - Eastern Visayas
Carigara,Leyte,Region VIII - Eastern Visayas
Dagami,Leyte,Region VIII - Eastern Visayas
Dulag,Leyte,Region VIII - Eastern Visayas
Hilongos,Leyte,Region VIII - Eastern Visayas
Hindang,Leyte,Region VIII - Eastern Visayas
Inopacan,Leyte,Region VIII - Eastern Visayas
Isabel,Leyte,Region VIII - Eastern Visayas
Jaro,Leyte,Region VIII - Eastern Visayas
Javier,Leyte,Region VIII - Eastern Visayas
Julita,Leyte,Region VIII - Eastern Visayas
Kananga,Leyte,Region VIII - Eastern Visayas
La Paz,Leyte,Region VIII - Eastern Visayas
Leyte,Leyte,Region VIII - Eastern Visayas
Macarthur,Leyte,Region VIII - Eastern Visayas
Mahaplag,Leyte,Region VIII - Eastern Visayas
Matag-Ob,Leyte,Region VIII - Eastern Visayas
Matalom,Leyte,Region VIII - Eastern Visayas
Mayorga,Leyte,Region VIII - Eastern Visayas
Merida,Leyte,Region VIII - Eastern Visayas
Ormoc,Leyte,Region VIII - Eastern Visayas
Palo,Leyte,Region VIII - Eastern Visayas
Palompon,Leyte,Region VIII - Eastern Visayas
Pastrana,Leyte,Region VIII - Eastern Visayas
San Isidro,Leyte,Region VIII - Eastern Visayas
San Miguel,Leyte,Region VIII - Eastern Visayas
Santa Fe,Leyte,Region VIII - Eastern Visayas
Tabango,Leyte,Region VIII - Eastern Visayas
Tabontabon,Leyte,Region VIII - Eastern Visayas
Tacloban,Leyte,Region VIII - Eastern Visayas
Tanauan,Leyte,Region VIII - Eastern Visayas
Tolosa,Leyte,Region VIII - Eastern Visayas
Tunga,Leyte,Region VIII - Eastern Visayas
Villaba,Leyte,Region VIII - Eastern Visayas
Barira,Maguindanao del Norte,Bangsamoro Autonomous Region In Muslim Mindanao (BARMM)
Buldon,Maguindanao del Norte,Bangsamoro Autonomous Region In Muslim Mindanao (BARMM)
Cotabato City,Maguindanao del Norte,Bangsamoro Autonomous Region In Muslim Mindanao (BARMM)
Datu Blah T. Sinsuat,Maguindanao del Norte,Bangsamoro Autonomous Region In Muslim Mindanao (BARMM)
Datu Odin Sinsuat,Maguindanao del Norte,Bangsamoro Autonomous Region In Muslim Mindanao (BARMM)
Kabuntalan,Maguindanao del Norte,Bangsamoro Autonomous Region In Muslim Mindanao (BARMM)
Matanog,Maguindanao del Norte,Bangsamoro Autonomous Region In Muslim Mindanao (BARMM)
Northern Kabuntalan,Maguindanao del Norte,Bangsamoro Autonomous Region In Muslim Mindanao (BARMM)
Parang,Maguindanao del Norte,Bangsamoro Autonomous Region In Muslim Mindanao (BARMM)
Sultan Kudarat,Maguindanao del Norte,Bangsamoro Autonomous Region In Muslim Mindanao (BARMM)
Sultan Mastura,Maguindanao del Norte,Bangsamoro Autonomous Region In Muslim Mindanao (BARMM)
Talitay,Maguindanao del Norte,Bangsamoro Autonomous Region In Muslim Mindanao (BARMM)
Upi,Maguindanao del Norte,Bangsamoro Autonomous Region In Muslim Mindanao (BARMM)
Ampatuan,Maguindanao del Sur,Bangsamoro Autonomous Region In Muslim Mindanao (BARMM)
Buluan,Maguindanao del Sur,Bangsamoro Autonomous Region In Muslim Mindanao (BARMM)
Datu Abdullah Sangki,Maguindanao del Sur,Bangsamoro Autonomous Region In Muslim Mindanao (BARMM)
Datu Anggal Midtimbang,Maguindanao del Sur,Bangsamoro Autonomous Region In Muslim Mindanao (BARMM)
Datu Hoffer Ampatuan,Maguindanao del Sur,Bangsamoro Autonomous Region In Muslim Mindanao (BARMM)
Datu Montawal,Maguindanao del Sur,Bangsamoro Autonomous Region In Muslim Mindanao (BARMM)
Datu Paglas,Maguindanao del Sur,Bangsamoro Autonomous Region In Muslim Mindanao (BARMM)
Datu Piang,Maguindanao del Sur,Bangsamoro Autonomous Region In Muslim Mindanao (BARMM)
Datu Salibo,Maguindanao del Sur,Bangsamoro Autonomous Region In Muslim Mindanao (BARMM)
Datu Saudi-Ampatuan,Maguindanao del Sur,Bangsamoro Autonomous Region In Muslim Mindanao (BARMM)
Datu Unsay,Maguindanao del Sur,Bangsamoro Autonomous Region In Muslim Mindanao (BARMM)
General Salipada K. Pendatun,Maguindanao del Sur,Bangsamoro Autonomous Region In Muslim Mindanao (BARMM)
Guindulungan,Maguindanao del Sur,Bangsamoro Autonomous Region In Muslim Mindanao (BARMM)
Mamasapano,Maguindanao del Sur,Bangsamoro Autonomous Region In Muslim Mindanao (BARMM)
Mangudadatu,Maguindanao del Sur,Bangsamoro Autonomous Region In Muslim Mindanao (BARMM)
Pagalungan,Maguindanao del Sur,Bangsamoro Autonomous Region In Muslim Mindanao (BARMM)
Paglat,Maguindanao del Sur,Bangsamoro Autonomous Region In Muslim Mindanao (BARMM)
Pandag,Maguindanao del Sur,Bangsamoro Autonomous Region In Muslim Mindanao (BARMM)
Rajah Buayan,Maguindanao del Sur,Bangsamoro Autonomous Region In Muslim Mindanao (BARMM)
Shariff Aguak,Maguindanao del Sur,Bangsamoro Autonomous Region In Muslim Mindanao (BARMM)
Shariff Saydona Mustapha,Maguindanao del Sur,Bangsamoro Autonomous Region In Muslim Mindanao (BARMM)
South Upi,Maguindanao del Sur,Bangsamoro Autonomous Region In Muslim Mindanao (BARMM)
Sultan Sa Barongis,Maguindanao del Sur,Bangsamoro Autonomous Region In Muslim Mindanao (BARMM)
Talayan,Maguindanao del Sur,Bangsamoro Autonomous Region In Muslim Mindanao (BARMM)
Boac,Marinduque,Region IVB - MIMAROPA
Buenavista,Marinduque,Region IVB - MIMAROPA
Gasan,Marinduque,Region IVB - MIMAROPA
Mogpog,Marinduque,Region IVB - MIMAROPA
Santa Cruz,Marinduque,Region IVB - MIMAROPA
Torrijos,Marinduque,Region IVB - MIMAROPA
Aroroy,Masbate,Region V - Bicol
Baleno,Masbate,Region V - Bicol
Balud,Masbate,Region V - Bicol
Batuan,Masbate,Region V - Bicol
Cataingan,Masbate,Region V - Bicol
Cawayan,Masbate,Region V - Bicol
Claveria,Masbate,Region V - Bicol
Dimasalang,Masbate,Region V - Bicol
Esperanza,Masbate,Region V - Bicol
Mandaon,Masbate,Region V - Bicol
Masbate City,Masbate,Region V - Bicol
Milagros,Masbate,Region V - Bicol
Mobo,Masbate,Region V - Bicol
Monreal,Masbate,Region V - Bicol
Palanas,Masbate,Region V - Bicol
Pio V. Corpuz,Masbate,Region V - Bicol
Placer,Masbate,Region V - Bicol
San Fernando,Masbate,Region V - Bicol
San Jacinto,Masbate,Region V - Bicol
San Pascual,Masbate,Region V - Bicol
Uson,Masbate,Region V - Bicol
Caloocan,Metro Manila,National Capital Region (NCR)
Las Piñas,Metro Manila,National Capital Region (NCR)
Makati,Metro Manila,National Capital Region (NCR)
Malabon,Metro Manila,National Capital Region (NCR)
Mandaluyong,Metro Manila,National Capital Region (NCR)
Manila,Metro Manila,National Capital Region (NCR)
Marikina,Metro Manila,National Capital Region (NCR)
Muntinlupa,Metro Manila,National Capital Region (NCR)
Navotas,Metro Manila,National Capital Region (NCR)
Parañaque,Metro Manila,National Capital Region (NCR)
Pasay,Metro Manila,National Capital Region (NCR)
Pasig,Metro Manila,National Capital Region (NCR)
Pateros,Metro Manila,National Capital Region (NCR)
Quezon City,Metro Manila,National Capital Region (NCR)
San Juan,Metro Manila,National Capital Region (NCR)
Taguig,Metro Manila,National Capital Region (NCR)
Valenzuela,Metro Manila,National Capital Region (NCR)
Aloran,Misamis Occidental,Region X - Northern Mindanao
Baliangao,Misamis Occidental,Region X - Northern Mindanao
Bonifacio,Misamis Occidental,Region X - Northern Mindanao
Calamba,Misamis Occidental,Region X - Northern Mindanao
Clarin,Misamis Occidental,Region X - Northern Mindanao
Concepcion,Misamis Occidental,Region X - Northern Mindanao
Don Victoriano Chiongbian,Misamis Occidental,Region X - Northern Mindanao
Jimenez,Misamis Occidental,Region X - Northern Mindanao
Lopez Jaena,Misamis Occidental,Region X - Northern Mindanao
Oroquieta,Misamis Occidental,Region X - Northern Mindanao
Ozamiz,Misamis Occidental,Region X - Northern Mindanao
Panaon,Misamis Occidental,Region X - Northern Mindanao
Plaridel,Misamis Occidental,Region X - Northern Mindanao
Sapang Dalaga,Misamis Occidental,Region X - Northern Mindanao
Sinacaban,Misamis Occidental,Region X - Northern Mindanao
Tangub,Misamis Occidental,Region X - Northern Mindanao
Tudela,Misamis Occidental,Region X - Northern Mindanao
Alubijid,Misamis Oriental,Region X - Northern Mindanao
Balingasag,Misamis Oriental,Region X - Northern Mindanao
Balingoan,Misamis Oriental,Region X - Northern Mindanao
Binuangan,Misamis Oriental,Region X - Northern Mindanao
Cagayan De Oro,Misamis Oriental,Region X - Northern Mindanao
Claveria,Misamis Oriental,Region X - Northern Mindanao
El Salvador,Misamis Oriental,Region X - Northern Mindanao
Gingoog,Misamis Oriental,Region X - Northern Mindanao
Gitagum,Misamis Oriental,Region X - Northern Mindanao
Initao,Misamis Oriental,Region X - Northern Mindanao
Jasaan,Misamis Oriental,Region X - Northern Mindanao
Kinoguitan,Misamis Oriental,Region X - Northern Mindanao
Lagonglong,Misamis Oriental,Region X - Northern Mindanao
Laguindingan,Misamis Oriental,Region X - Northern Mindanao
Libertad,Misamis Oriental,Region X - Northern Mindanao
Lugait,Misamis Oriental,Region X - Northern Mindanao
Magsaysay,Misamis Oriental,Region X - Northern Mindanao
Manticao,Misamis Oriental,Region X - Northern Mindanao
Medina,Misamis Oriental,Region X - Northern Mindanao
Naawan,Misamis Oriental,Region X - Northern Mindanao
Opol,Misamis Oriental,Region X - Northern Mindanao
Salay,Misamis Oriental,Region X - Northern Mindanao
Sugbongcogon,Misamis Oriental,Region X - Northern Mindanao
Tagoloan,Misamis Oriental,Region X - Northern Mindanao
Talisayan,Misamis Oriental,Region X - Northern Mindanao
Villanueva,Misamis Oriental,Region X - Northern Mindanao
Barlig,Mountain Province,Cordillera Administrative Region (CAR)
Bauko,Mountain Province,Cordillera Administrative Region (CAR)
Besao,Mountain Province,Cordillera Administrative Region (CAR)
Bontoc,Mountain Province,Cordillera Administrative Region (CAR)
Natonin,Mountain Province,Cordillera Administrative Region (CAR)
Paracelis,Mountain Province,Cordillera Administrative Region (CAR)
Sabangan,Mountain Province,Cordillera Administrative Region (CAR)
Sadanga,Mountain Province,Cordillera Administrative Region (CAR)
Sagada,Mountain Province,Cordillera Administrative Region (CAR)
Tadian,Mountain Province,Cordillera Administrative Region (CAR)
Bacolod,Negros Occidental,Region VI - Western Visayas
Bago,Negros Occidental,Region VI - Western Visayas
Binalbagan,Negros Occidental,Region VI - Western Visayas
Cadiz,Negros Occidental,Region VI - Western Visayas
Calatrava,Negros Occidental,Region VI - Western Visayas
Candoni,Negros Occidental,Region VI - Western Visayas
Cauayan,Negros Occidental,Region VI - Western Visayas
Enrique B. Magalona,Negros Occidental,Region VI - Western Visayas
Escalante,Negros Occidental,Region VI - Western Visayas
Himamaylan,Negros Occidental,Region VI - Western Visayas
Hinigaran,Negros Occidental,Region VI - Western Visayas
Hinoba-An,Negros Occidental,Region VI - Western Visayas
Ilog,Negros Occidental,Region VI - Western Visayas
Isabela,Negros Occidental,Region VI - Western Visayas
Kabankalan,Negros Occidental,Region VI - Western Visayas
La Carlota,Negros Occidental,Region VI - Western Visayas
La Castellana,Negros Occidental,Region VI - Western Visayas
Manapla,Negros Occidental,Region VI - Western Visayas
Moises Padilla,Negros Occidental,Region VI - Western Visayas
Murcia,Negros Occidental,Region VI - Western Visayas
Pontevedra,Negros Occidental,Region VI - Western Visayas
Pulupandan,Negros Occidental,Region VI - Western Visayas
Sagay,Negros Occidental,Region VI - Western Visayas
Salvador Benedicto,Negros Occidental,Region VI - Western Visayas
San Carlos,Negros Occidental,Region VI - Western Visayas
San Enrique,Negros Occidental,Region VI - Western Visayas
Silay,Negros Occidental,Region VI - Western Visayas
Sipalay,Negros Occidental,Region VI - Western Visayas
Talisay,Negros Occidental,Region VI - Western Visayas
Toboso,Negros Occidental,Region VI - Western Visayas
Valladolid,Negros Occidental,Region VI - Western Visayas
Victorias,Negros Occidental,Region VI - Western Visayas
Amlan,Negros Oriental,Region VII - Central Visayas
Ayungon,Negros Oriental,Region VII - Central Visayas
Bacong,Negros Oriental,Region VII - Central Visayas
Bais,Negros Oriental,Region VII - Central Visayas
Basay,Negros Oriental,Region VII - Central Visayas
Bayawan,Negros Oriental,Region VII - Central Visayas
Bindoy,Negros Oriental,Region VII - Central Visayas
Canlaon,Negros Oriental,Region VII - Central Visayas
Dauin,Negros Oriental,Region VII - Central Visayas
Dumaguete,Negros Oriental,Region VII - Central Visayas
Guihulngan,Negros Oriental,Region VII - Central Visayas
Jimalalud,Negros Oriental,Region VII - Central Visayas
La Libertad,Negros Oriental,Region VII - Central Visayas
Mabinay,Negros Oriental,Region VII - Central Visayas
Manjuyod,Negros Oriental,Region VII - Central Visayas
Pamplona,Negros Oriental,Region VII - Central Visayas
San Jose,Negros Oriental,Region VII - Central Visayas
Santa Catalina,Negros Oriental,Region VII - Central Visayas
Siaton,Negros Oriental,Region VII - Central Visayas
Sibulan,Negros Oriental,Region VII - Central Visayas
Tanjay,Negros Oriental,Region VII - Central Visayas
Tayasan,Negros Oriental,Region VII - Central Visayas
Valencia,Negros Oriental,Region VII - Central Visayas
Vallehermoso,Negros Oriental,Region VII - Central Visayas
Zamboanguita,Negros Oriental,Region VII - Central Visayas
Allen,Northern Samar,Region VIII - Eastern Visayas
Biri,Northern Samar,Region VIII - Eastern Visayas
Bobon,Northern Samar,Region VIII - Eastern Visayas
Capul,Northern Samar,Region VIII - Eastern Visayas
Catarman,Northern Samar,Region VIII - Eastern Visayas
Catubig,Northern Samar,Region VIII - Eastern Visayas
Gamay,Northern Samar,Region VIII - Eastern Visayas
Laoang,Northern Samar,Region VIII - Eastern Visayas
Lapinig,Northern Samar,Region VIII - Eastern Visayas
Las Navas,Northern Samar,Region VIII - Eastern Visayas
Lavezares,Northern Samar,Region VIII - Eastern Visayas
Lope De Vega,Northern Samar,Region VIII - Eastern Visayas
Mapanas,Northern Samar,Region VIII - Eastern Visayas
Mondragon,Northern Samar,Region VIII - Eastern Visayas
Palapag,Northern Samar,Region VIII - Eastern Visayas
Pambujan,Northern Samar,Region VIII - Eastern Visayas
Rosario,Northern Samar,Region VIII - Eastern Visayas
San Antonio,Northern Samar,Region VIII - Eastern Visayas
San Isidro,Northern Samar,Region VIII - Eastern Visayas
San Jose,Northern Samar,Region VIII - Eastern Visayas
San Roque,Northern Samar,Region VIII - Eastern Visayas
San Vicente,Northern Samar,Region VIII - Eastern Visayas
Silvino Lobos,Northern Samar,Region VIII - Eastern Visayas
Victoria,Northern Samar,Region VIII - Eastern Visayas
Aliaga,Nueva Ecija,Region III - Central Luzon
Bongabon,Nueva Ecija,Region III - Central Luzon
Cabanatuan,Nueva Ecija,Region III - Central Luzon
Cabiao,Nueva Ecija,Region III - Central Luzon
Carranglan,Nueva Ecija,Region III - Central Luzon
Cuyapo,Nueva Ecija,Region III - Central Luzon
Gabaldon,Nueva Ecija,Region III - Central Luzon
Gapan,Nueva Ecija,Region III - Central Luzon
General Mamerto Natividad,Nueva Ecija,Region III - Central Luzon
General Tinio,Nueva Ecija,Region III - Central Luzon
Guimba,Nueva Ecija,Region III - Central Luzon
Jaen,Nueva Ecija,Region III - Central Luzon
Laur,Nueva Ecija,Region III - Central Luzon
Licab,Nueva Ecija,Region III - Central Luzon
Llanera,Nueva Ecija,Region III - Central Luzon
Lupao,Nueva Ecija,Region III - Central Luzon
Muñoz,Nueva Ecija,Region III - Central Luzon
Nampicuan,Nueva Ecija,Region III - Central Luzon
Palayan,Nueva Ecija,Region III - Central Luzon
Pantabangan,Nueva Ecija,Region III - Central Luzon
Peñaranda,Nueva Ecija,Region III - Central Luzon
Quezon,Nueva Ecija,Region III - Central Luzon
Rizal,Nueva Ecija,Region III - Central Luzon
San Antonio,Nueva Ecija,Region III - Central Luzon
San Isidro,Nueva Ecija,Region III - Central Luzon
San Jose,Nueva Ecija,Region III - Central Luzon
San Leonardo,Nueva Ecija,Region III - Central Luzon
Santa Rosa,Nueva Ecija,Region III - Central Luzon
Santo Domingo,Nueva Ecija,Region III - Central Luzon
Talavera,Nueva Ecija,Region III - Central Luzon
Talugtug,Nueva Ecija,Region III - Central Luzon
Zaragoza,Nueva Ecija,Region III - Central Luzon
Alfonso Castañeda,Nueva Vizcaya,Region II - Cagayan Valley
Ambaguio,Nueva Vizcaya,Region II - Cagayan Valley
Aritao,Nueva Vizcaya,Region II - Cagayan Valley
Bagabag,Nueva Vizcaya,Region II - Cagayan Valley
Bambang,Nueva Vizcaya,Region II - Cagayan Valley
Bayombong,Nueva Vizcaya,Region II - Cagayan Valley
Diadi,Nueva Vizcaya,Region II - Cagayan Valley
Dupax Del Norte,Nueva Vizcaya,Region II - Cagayan Valley
Dupax Del Sur,Nueva Vizcaya,Region II - Cagayan Valley
Kasibu,Nueva Vizcaya,Region II - Cagayan Valley
Kayapa,Nueva Vizcaya,Region II - Cagayan Valley
Quezon,Nueva Vizcaya,Region II - Cagayan Valley
Santa Fe,Nueva Vizcaya,Region II - Cagayan Valley
Solano,Nueva Vizcaya,Region II - Cagayan Valley
Villaverde,Nueva Vizcaya,Region II - Cagayan Valley
Abra De Ilog,Occidental Mindoro,Region IVB - MIMAROPA
Calintaan,Occidental Mindoro,Region IVB - MIMAROPA
Looc,Occidental Mindoro,Region IVB - MIMAROPA
Lubang,Occidental Mindoro,Region IVB - MIMAROPA
Magsaysay,Occidental Mindoro,Region IVB - MIMAROPA
Mamburao,Occidental Mindoro,Region IVB - MIMAROPA
Paluan,Occidental Mindoro,Region IVB - MIMAROPA
Rizal,Occidental Mindoro,Region IVB - MIMAROPA
Sablayan,Occidental Mindoro,Region IVB - MIMAROPA
San Jose,Occidental Mindoro,Region IVB - MIMAROPA
Santa Cruz,Occidental Mindoro,Region IVB - MIMAROPA
Baco,Oriental Mindoro,Region IVB - MIMAROPA
Bansud,Oriental Mindoro,Region IVB - MIMAROPA
Bongabong,Oriental Mindoro,Region IVB - MIMAROPA
Bulalacao,Oriental Mindoro,Region IVB - MIMAROPA
Calapan,Oriental Mindoro,Region IVB - MIMAROPA
Gloria,Oriental Mindoro,Region IVB - MIMAROPA
Mansalay,Oriental Mindoro,Region IVB - MIMAROPA
Naujan,Oriental Mindoro,Region IVB - MIMAROPA
Pinamalayan,Oriental Mindoro,Region IVB - MIMAROPA
Pola,Oriental Mindoro,Region IVB - MIMAROPA
Puerto Galera,Oriental Mindoro,Region IVB - MIMAROPA
Roxas,Oriental Mindoro,Region IVB - MIMAROPA
San Teodoro,Oriental Mindoro,Region IVB - MIMAROPA
Socorro,Oriental Mindoro,Region IVB - MIMAROPA
Victoria,Oriental Mindoro,Region IVB - MIMAROPA
Aborlan,Palawan,Region IVB - MIMAROPA
Agutaya,Palawan,Region IVB - MIMAROPA
Araceli,Palawan,Region IVB - MIMAROPA
Balabac,Palawan,Region IVB - MIMAROPA
Bataraza,Palawan,Region IVB - MIMAROPA
Brooke'S Point,Palawan,Region IVB - MIMAROPA
Busuanga,Palawan,Region IVB - MIMAROPA
Cagayancillo,Palawan,Region IVB - MIMAROPA
Coron,Palawan,Region IVB - MIMAROPA
Culion,Palawan,Region IVB - MIMAROPA
Cuyo,Palawan,Region IVB - MIMAROPA
Dumaran,Palawan,Region IVB - MIMAROPA
El Nido,Palawan,Region IVB - MIMAROPA
Kalayaan,Palawan,Region IVB - MIMAROPA
Linapacan,Palawan,Region IVB - MIMAROPA
Magsaysay,Palawan,Region IVB - MIMAROPA
Narra,Palawan,Region IVB - MIMAROPA
Puerto Princesa,Palawan,Region IVB - MIMAROPA
Quezon,Palawan,Region IVB - MIMAROPA
Rizal,Palawan,Region IVB - MIMAROPA
Roxas,Palawan,Region IVB - MIMAROPA
San Vicente,Palawan,Region IVB - MIMAROPA
Sofronio Española,Palawan,Region IVB - MIMAROPA
Taytay,Palawan,Region IVB - MIMAROPA
Angeles,Pampanga,Region III - Central Luzon
Apalit,Pampanga,Region III - Central Luzon
Arayat,Pampanga,Region III - Central Luzon
Bacolor,Pampanga,Region III - Central Luzon
Candaba,Pampanga,Region III - Central Luzon
Floridablanca,Pampanga,Region III - Central Luzon
Guagua,Pampanga,Region III - Central Luzon
Lubao,Pampanga,Region III - Central Luzon
Mabalacat,Pampanga,Region III - Central Luzon
Macabebe,Pampanga,Region III - Central Luzon
Magalang,Pampanga,Region III - Central Luzon
Masantol,Pampanga,Region III - Central Luzon
Mexico,Pampanga,Region III - Central Luzon
Minalin,Pampanga,Region III - Central Luzon
Porac,Pampanga,Region III - Central Luzon
San Fernando,Pampanga,Region III - Central Luzon
San Luis,Pampanga,Region III - Central Luzon
San Simon,Pampanga,Region III - Central Luzon
Santa Ana,Pampanga,Region III - Central Luzon
Santa Rita,Pampanga,Region III - Central Luzon
Santo Tomas,Pampanga,Region III - Central Luzon
Sasmuan,Pampanga,Region III - Central Luzon
Agno,Pangasinan,Region I - Ilocos
Aguilar,Pangasinan,Region I - Ilocos
Alaminos,Pangasinan,Region I - Ilocos
Alcala,Pangasinan,Region I - Ilocos
Anda,Pangasinan,Region I - Ilocos
Asingan,Pangasinan,Region I - Ilocos
Balungao,Pangasinan,Region I - Ilocos
Bani,Pangasinan,Region I - Ilocos
Basista,Pangasinan,Region I - Ilocos
Bautista,Pangasinan,Region I - Ilocos
Bayambang,Pangasinan,Region I - Ilocos
Binalonan,Pangasinan,Region I - Ilocos
Binmaley,Pangasinan,Region I - Ilocos
Bolinao,Pangasinan,Region I - Ilocos
Bugallon,Pangasinan,Region I - Ilocos
Burgos,Pangasinan,Region I - Ilocos
Calasiao,Pangasinan,Region I - Ilocos
Dagupan,Pangasinan,Region I - Ilocos
Dasol,Pangasinan,Region I - Ilocos
Infanta,Pangasinan,Region I - Ilocos
Labrador,Pangasinan,Region I - Ilocos
Laoac,Pangasinan,Region I - Ilocos
Lingayen,Pangasinan,Region I - Ilocos
Mabini,Pangasinan,Region I - Ilocos
Malasiqui,Pangasinan,Region I - Ilocos
Manaoag,Pangasinan,Region I - Ilocos
Mangaldan,Pangasinan,Region I - Ilocos
Mangatarem,Pangasinan,Region I - Ilocos
Mapandan,Pangasinan,Region I - Ilocos
Natividad,Pangasinan,Region I - Ilocos
Pozorrubio,Pangasinan,Region I - Ilocos
Rosales,Pangasinan,Region I - Ilocos
San Carlos,Pangasinan,Region I - Ilocos
San Fabian,Pangasinan,Region I - Ilocos
San Jacinto,Pangasinan,Region I - Ilocos
San Manuel,Pangasinan,Region I - Ilocos
San Nicolas,Pangasinan,Region I - Ilocos
San Quintin,Pangasinan,Region I - Ilocos
Santa Barbara,Pangasinan,Region I - Ilocos
Santa Maria,Pangasinan,Region I - Ilocos
Santo Tomas,Pangasinan,Region I - Ilocos
Sison,Pangasinan,Region I - Ilocos
Sual,Pangasinan,Region I - Ilocos
Tayug,Pangasinan,Region I - Ilocos
Umingan,Pangasinan,Region I - Ilocos
Urbiztondo,Pangasinan,Region I - Ilocos
Urdaneta,Pangasinan,Region I - Ilocos
Villasis,Pangasinan,Region I - Ilocos
Agdangan,Quezon,Region IVA - CALABARZON
Alabat,Quezon,Region IVA - CALABARZON
Atimonan,Quezon,Region IVA - CALABARZON
Buenavista,Quezon,Region IVA - CALABARZON
Burdeos,Quezon,Region IVA - CALABARZON
Calauag,Quezon,Region IVA - CALABARZON
Candelaria,Quezon,Region IVA - CALABARZON
Catanauan,Quezon,Region IVA - CALABARZON
Dolores,Quezon,Region IVA - CALABARZON
General Luna,Quezon,Region IVA - CALABARZON
General Nakar,Quezon,Region IVA - CALABARZON
Guinayangan,Quezon,Region IVA - CALABARZON
Gumaca,Quezon,Region IVA - CALABARZON
Infanta,Quezon,Region IVA - CALABARZON
Jomalig,Quezon,Region IVA - CALABARZON
Lopez,Quezon,Region IVA - CALABARZON
Lucban,Quezon,Region IVA - CALABARZON
Lucena,Quezon,Region IVA - CALABARZON
Macalelon,Quezon,Region IVA - CALABARZON
Mauban,Quezon,Region IVA - CALABARZON
Mulanay,Quezon,Region IVA - CALABARZON
Padre Burgos,Quezon,Region IVA - CALABARZON
Pagbilao,Quezon,Region IVA - CALABARZON
Panukulan,Quezon,Region IVA - CALABARZON
Patnanungan,Quezon,Region IVA - CALABARZON
Perez,Quezon,Region IVA - CALABARZON
Pitogo,Quezon,Region IVA - CALABARZON
Plaridel,Quezon,Region IVA - CALABARZON
Polillo,Quezon,Region IVA - CALABARZON
Quezon,Quezon,Region IVA - CALABARZON
Real,Quezon,Region IVA - CALABARZON
Sampaloc,Quezon,Region IVA - CALABARZON
San Andres,Quezon,Region IVA - CALABARZON
San Antonio,Quezon,Region IVA - CALABARZON
San Francisco,Quezon,Region IVA - CALABARZON
San Narciso,Quezon,Region IVA - CALABARZON
Sariaya,Quezon,Region IVA - CALABARZON
Tagkawayan,Quezon,Region IVA - CALABARZON
Tayabas,Quezon,Region IVA - CALABARZON
Tiaong,Quezon,Region IVA - CALABARZON
Unisan,Quezon,Region IVA - CALABARZON
Aglipay,Quirino,Region II - Cagayan Valley
Cabarroguis,Quirino,Region II - Cagayan Valley
Diffun,Quirino,Region II - Cagayan Valley
Maddela,Quirino,Region II - Cagayan Valley
Nagtipunan,Quirino,Region II - Cagayan Valley
Saguday,Quirino,Region II - Cagayan Valley
Angono,Rizal,Region IVA - CALABARZON
Antipolo,Rizal,Region IVA - CALABARZON
Baras,Rizal,Region IVA - CALABARZON
Binangonan,Rizal,Region IVA - CALABARZON
Cainta,Rizal,Region IVA - CALABARZON
Cardona,Rizal,Region IVA - CALABARZON
Jalajala,Rizal,Region IVA - CALABARZON
Morong,Rizal,Region IVA - CALABARZON
Pililla,Rizal,Region IVA - CALABARZON
Rodriguez,Rizal,Region IVA - CALABARZON
San Mateo,Rizal,Region IVA - CALABARZON
Tanay,Rizal,Region IVA - CALABARZON
Taytay,Rizal,Region IVA - CALABARZON
Teresa,Rizal,Region IVA - CALABARZON
Alcantara,Romblon,Region IVB - MIMAROPA
Banton,Romblon,Region IVB - MIMAROPA
Cajidiocan,Romblon,Region IVB - MIMAROPA
Calatrava,Romblon,Region IVB - MIMAROPA
Concepcion,Romblon,Region IVB - MIMAROPA
Corcuera,Romblon,Region IVB - MIMAROPA
Ferrol,Romblon,Region IVB - MIMAROPA
Looc,Romblon,Region IVB - MIMAROPA
Magdiwang,Romblon,Region IVB - MIMAROPA
Odiongan,Romblon,Region IVB - MIMAROPA
Romblon,Romblon,Region IVB - MIMAROPA
San Agustin,Romblon,Region IVB - MIMAROPA
San Andres,Romblon,Region IVB - MIMAROPA
San Fernando,Romblon,Region IVB - MIMAROPA
San Jose,Romblon,Region IVB - MIMAROPA
Santa Fe,Romblon,Region IVB - MIMAROPA
Santa Maria,Romblon,Region IVB - MIMAROPA
Almagro,Samar,Region VIII - Eastern Visayas
Basey,Samar,Region VIII - Eastern Visayas
Calbayog,Samar,Region VIII - Eastern Visayas
Calbiga,Samar,Region VIII - Eastern Visayas
Catbalogan,Samar,Region VIII - Eastern Visayas
Daram,Samar,Region VIII - Eastern Visayas
Gandara,Samar,Region VIII - Eastern Visayas
Hinabangan,Samar,Region VIII - Eastern Visayas
Jiabong,Samar,Region VIII - Eastern Visayas
Marabut,Samar,Region VIII - Eastern Visayas
Matuguinao,Samar,Region VIII - Eastern Visayas
Motiong,Samar,Region VIII - Eastern Visayas
Pagsanghan,Samar,Region VIII - Eastern Visayas
Paranas,Samar,Region VIII - Eastern Visayas
Pinabacdao,Samar,Region VIII - Eastern Visayas
San Jorge,Samar,Region VIII - Eastern Visayas
San Jose De Buan,Samar,Region VIII - Eastern Visayas
San Sebastian,Samar,Region VIII - Eastern Visayas
Santa Margarita,Samar,Region VIII - Eastern Visayas
Santa Rita,Samar,Region VIII - Eastern Visayas
Santo Niño,Samar,Region VIII - Eastern Visayas
Tagapul-An,Samar,Region VIII - Eastern Visayas
Talalora,Samar,Region VIII - Eastern Visayas
Tarangnan,Samar,Region VIII - Eastern Visayas
Villareal,Samar,Region VIII - Eastern Visayas
Zumarraga,Samar,Region VIII - Eastern Visayas
Alabel,Sarangani,Region XII - SOCCSKSARGEN
Glan,Sarangani,Region XII - SOCCSKSARGEN
Kiamba,Sarangani,Region XII - SOCCSKSARGEN
Maasim,Sarangani,Region XII - SOCCSKSARGEN
Maitum,Sarangani,Region XII - SOCCSKSARGEN
Malapatan,Sarangani,Region XII - SOCCSKSARGEN
Malungon,Sarangani,Region XII - SOCCSKSARGEN
Enrique Villanueva,Siquijor,Region VII - Central Visayas
Larena,Siquijor,Region VII - Central Visayas
Lazi,Siquijor,Region VII - Central Visayas
Maria,Siquijor,Region VII - Central Visayas
San Juan,Siquijor,Region VII - Central Visayas
Siquijor,Siquijor,Region VII - Central Visayas
Barcelona,Sorsogon,Region V - Bicol
Bulan,Sorsogon,Region V - Bicol
Bulusan,Sorsogon,Region V - Bicol
Casiguran,Sorsogon,Region V - Bicol
Castilla,Sorsogon,Region V - Bicol
Donsol,Sorsogon,Region V - Bicol
Gubat,Sorsogon,Region V - Bicol
Irosin,Sorsogon,Region V - Bicol
Juban,Sorsogon,Region V - Bicol
Magallanes,Sorsogon,Region V - Bicol
Matnog,Sorsogon,Region V - Bicol
Pilar,Sorsogon,Region V - Bicol
Prieto Diaz,Sorsogon,Region V - Bicol
Santa Magdalena,Sorsogon,Region V - Bicol
Sorsogon City,Sorsogon,Region V - Bicol
Banga,South Cotabato,Region XII - SOCCSKSARGEN
General Santos,South Cotabato,Region XII - SOCCSKSARGEN
Koronadal,South Cotabato,Region XII - SOCCSKSARGEN
Lake Sebu,South Cotabato,Region XII - SOCCSKSARGEN
Norala,South Cotabato,Region XII - SOCCSKSARGEN
Polomolok,South Cotabato,Region XII - SOCCSKSARGEN
Santo Niño,South Cotabato,Region XII - SOCCSKSARGEN
Surallah,South Cotabato,Region XII - SOCCSKSARGEN
T'Boli,South Cotabato,Region XII - SOCCSKSARGEN
Tampakan,South Cotabato,Region XII - SOCCSKSARGEN
Tantangan,South Cotabato,Region XII - SOCCSKSARGEN
Tupi,South Cotabato,Region XII - SOCCSKSARGEN
Anahawan,Southern Leyte,Region VIII - Eastern Visayas
Bontoc,Southern Leyte,Region VIII - Eastern Visayas
Hinunangan,Southern Leyte,Region VIII - Eastern Visayas
Hinundayan,Southern Leyte,Region VIII - Eastern Visayas
Libagon,Southern Leyte,Region VIII - Eastern Visayas
Liloan,Southern Leyte,Region VIII - Eastern Visayas
Limasawa,Southern Leyte,Region VIII - Eastern Visayas
Maasin,Southern Leyte,Region VIII - Eastern Visayas
Macrohon,Southern Leyte,Region VIII - Eastern Visayas
Malitbog,Southern Leyte,Region VIII - Eastern Visayas
Padre Burgos,Southern Leyte,Region VIII - Eastern Visayas
Pintuyan,Southern Leyte,Region VIII - Eastern Visayas
Saint Bernard,Southern Leyte,Region VIII - Eastern Visayas
San Francisco,Southern Leyte,Region VIII - Eastern Visayas
San Juan,Southern Leyte,Region VIII - Eastern Visayas
San Ricardo,Southern Leyte,Region VIII - Eastern Visayas
Silago,Southern Leyte,Region VIII - Eastern Visayas
Sogod,Southern Leyte,Region VIII - Eastern Visayas
Tomas Oppus,Southern Leyte,Region VIII - Eastern Visayas
Bagumbayan,Sultan Kudarat,Region XII - SOCCSKSARGEN
Columbio,Sultan Kudarat,Region XII - SOCCSKSARGEN
Esperanza,Sultan Kudarat,Region XII - SOCCSKSARGEN
Isulan,Sultan Kudarat,Region XII - SOCCSKSARGEN
Kalamansig,Sultan Kudarat,Region XII - SOCCSKSARGEN
Lambayong,Sultan Kudarat,Region XII - SOCCSKSARGEN
Lebak,Sultan Kudarat,Region XII - SOCCSKSARGEN
Lutayan,Sultan Kudarat,Region XII - SOCCSKSARGEN
Palimbang,Sultan Kudarat,Region XII - SOCCSKSARGEN
President Quirino,Sultan Kudarat,Region XII - SOCCSKSARGEN
Senator Ninoy Aquino,Sultan Kudarat,Region XII - SOCCSKSARGEN
Tacurong,Sultan Kudarat,Region XII - SOCCSKSARGEN
Banguingui,Sulu,Bangsamoro Autonomous Region In Muslim Mindanao (BARMM)
Hadji Panglima Tahil,Sulu,Bangsamoro Autonomous Region In Muslim Mindanao (BARMM)
Indanan,Sulu,Bangsamoro Autonomous Region In Muslim Mindanao (BARMM)
Jolo,Sulu,Bangsamoro Autonomous Region In Muslim Mindanao (BARMM)
Kalingalan Caluang,Sulu,Bangsamoro Autonomous Region In Muslim Mindanao (BARMM)
Lugus,Sulu,Bangsamoro Autonomous Region In Muslim Mindanao (BARMM)
Luuk,Sulu,Bangsamoro Autonomous Region In Muslim Mindanao (BARMM)
Maimbung,Sulu,Bangsamoro Autonomous Region In Muslim Mindanao (BARMM)
Omar,Sulu,Bangsamoro Autonomous Region In Muslim Mindanao (BARMM)
Panamao,Sulu,Bangsamoro Autonomous Region In Muslim Mindanao (BARMM)
Pandami,Sulu,Bangsamoro Autonomous Region In Muslim Mindanao (BARMM)
Panglima Estino,Sulu,Bangsamoro Autonomous Region In Muslim Mindanao (BARMM)
Pangutaran,Sulu,Bangsamoro Autonomous Region In Muslim Mindanao (BARMM)
Parang,Sulu,Bangsamoro Autonomous Region In Muslim Mindanao (BARMM)
Pata,Sulu,Bangsamoro Autonomous Region In Muslim Mindanao (BARMM)
Patikul,Sulu,Bangsamoro Autonomous Region In Muslim Mindanao (BARMM)
Siasi,Sulu,Bangsamoro Autonomous Region In Muslim Mindanao (BARMM)
Talipao,Sulu,Bangsamoro Autonomous Region In Muslim Mindanao (BARMM)
Tapul,Sulu,Bangsamoro Autonomous Region In Muslim Mindanao (BARMM)
Alegria,Surigao del Norte,Region XIII - CARAGA
Bacuag,Surigao del Norte,Region XIII - CARAGA
Burgos,Surigao del Norte,Region XIII - CARAGA
Claver,Surigao del Norte,Region XIII - CARAGA
Dapa,Surigao del Norte,Region XIII - CARAGA
Del Carmen,Surigao del Norte,Region XIII - CARAGA
General Luna,Surigao del Norte,Region XIII - CARAGA
Gigaquit,Surigao del Norte,Region XIII - CARAGA
Mainit,Surigao del Norte,Region XIII - CARAGA
Malimono,Surigao del Norte,Region XIII - CARAGA
Pilar,Surigao del Norte,Region XIII - CARAGA
Placer,Surigao del Norte,Region XIII - CARAGA
San Benito,Surigao del Norte,Region XIII - CARAGA
San Francisco,Surigao del Norte,Region XIII - CARAGA
San Isidro,Surigao del Norte,Region XIII - CARAGA
Santa Monica,Surigao del Norte,Region XIII - CARAGA
Sison,Surigao del Norte,Region XIII - CARAGA
Socorro,Surigao del Norte,Region XIII - CARAGA
Surigao City,Surigao del Norte,Region XIII - CARAGA
Tagana-An,Surigao del Norte,Region XIII - CARAGA
Tubod,Surigao del Norte,Region XIII - CARAGA
Barobo,Surigao del Sur,Region XIII - CARAGA
Bayabas,Surigao del Sur,Region XIII - CARAGA
Bislig,Surigao del Sur,Region XIII - CARAGA
Cagwait,Surigao del Sur,Region XIII - CARAGA
Cantilan,Surigao del Sur,Region XIII - CARAGA
Carmen,Surigao del Sur,Region XIII - CARAGA
Carrascal,Surigao del Sur,Region XIII - CARAGA
Cortes,Surigao del Sur,Region XIII - CARAGA
Hinatuan,Surigao del Sur,Region XIII - CARAGA
Lanuza,Surigao del Sur,Region XIII - CARAGA
Lianga,Surigao del Sur,Region XIII - CARAGA
Lingig,Surigao del Sur,Region XIII - CARAGA
Madrid,Surigao del Sur,Region XIII - CARAGA
Marihatag,Surigao del Sur,Region XIII - CARAGA
San Agustin,Surigao del Sur,Region XIII - CARAGA
San Miguel,Surigao del Sur,Region XIII - CARAGA
Tagbina,Surigao del Sur,Region XIII - CARAGA
Tago,Surigao del Sur,Region XIII - CARAGA
Tandag,Surigao del Sur,Region XIII - CARAGA
Anao,Tarlac,Region III - Central Luzon
Bamban,Tarlac,Region III - Central Luzon
Camiling,Tarlac,Region III - Central Luzon
Capas,Tarlac,Region III - Central Luzon
Concepcion,Tarlac,Region III - Central Luzon
Gerona,Tarlac,Region III - Central Luzon
La Paz,Tarlac,Region III - Central Luzon
Mayantoc,Tarlac,Region III - Central Luzon
Moncada,Tarlac,Region III - Central Luzon
Paniqui,Tarlac,Region III - Central Luzon
Pura,Tarlac,Region III - Central Luzon
Ramos,Tarlac,Region III - Central Luzon
San Clemente,Tarlac,Region III - Central Luzon
San Jose,Tarlac,Region III - Central Luzon
San Manuel,Tarlac,Region III - Central Luzon
Santa Ignacia,Tarlac,Region III - Central Luzon
Tarlac City,Tarlac,Region III - Central Luzon
Victoria,Tarlac,Region III - Central Luzon
Bongao,Tawi-Tawi,Bangsamoro Autonomous Region In Muslim Mindanao (BARMM)
Languyan,Tawi-Tawi,Bangsamoro Autonomous Region In Muslim Mindanao (BARMM)
Mapun,Tawi-Tawi,Bangsamoro Autonomous Region In Muslim Mindanao (BARMM)
Panglima Sugala,Tawi-Tawi,Bangsamoro Autonomous Region In Muslim Mindanao (BARMM)
Sapa-Sapa,Tawi-Tawi,Bangsamoro Autonomous Region In Muslim Mindanao (BARMM)
Sibutu,Tawi-Tawi,Bangsamoro Autonomous Region In Muslim Mindanao (BARMM)
Simunul,Tawi-Tawi,Bangsamoro Autonomous Region In Muslim Mindanao (BARMM)
Sitangkai,Tawi-Tawi,Bangsamoro Autonomous Region In Muslim Mindanao (BARMM)
South Ubian,Tawi-Tawi,Bangsamoro Autonomous Region In Muslim Mindanao (BARMM)
Tandubas,Tawi-Tawi,Bangsamoro Autonomous Region In Muslim Mindanao (BARMM)
Turtle Islands,Tawi-Tawi,Bangsamoro Autonomous Region In Muslim Mindanao (BARMM)
Botolan,Zambales,Region III - Central Luzon
Cabangan,Zambales,Region III - Central Luzon
Candelaria,Zambales,Region III - Central Luzon
Castillejos,Zambales,Region III - Central Luzon
Iba,Zambales,Region III - Central Luzon
Masinloc,Zambales,Region III - Central Luzon
Olongapo,Zambales,Region III - Central Luzon
Palauig,Zambales,Region III - Central Luzon
San Antonio,Zambales,Region III - Central Luzon
San Felipe,Zambales,Region III - Central Luzon
San Marcelino,Zambales,Region III - Central Luzon
San Narciso,Zambales,Region III - Central Luzon
Santa Cruz,Zambales,Region III - Central Luzon
Subic,Zambales,Region III - Central Luzon
Baliguian,Zamboanga del Norte,Region IX - Zamboanga Peninsula
Dapitan,Zamboanga del Norte,Region IX - Zamboanga Peninsula
Dipolog,Zamboanga del Norte,Region IX - Zamboanga Peninsula
Godod,Zamboanga del Norte,Region IX - Zamboanga Peninsula
Gutalac,Zamboanga del Norte,Region IX - Zamboanga Peninsula
Jose Dalman,Zamboanga del Norte,Region IX - Zamboanga Peninsula
Kalawit,Zamboanga del Norte,Region IX - Zamboanga Peninsula
Katipunan,Zamboanga del Norte,Region IX - Zamboanga Peninsula
La Libertad,Zamboanga del Norte,Region IX - Zamboanga Peninsula
Labason,Zamboanga del Norte,Region IX - Zamboanga Peninsula
Leon B. Postigo,Zamboanga del Norte,Region IX - Zamboanga Peninsula
Liloy,Zamboanga del Norte,Region IX - Zamboanga Peninsula
Manukan,Zamboanga del Norte,Region IX - Zamboanga Peninsula
Mutia,Zamboanga del Norte,Region IX - Zamboanga Peninsula
Piñan,Zamboanga del Norte,Region IX - Zamboanga Peninsula
Polanco,Zamboanga del Norte,Region IX - Zamboanga Peninsula
Rizal,Zamboanga del Norte,Region IX - Zamboanga Peninsula
Roxas,Zamboanga del Norte,Region IX - Zamboanga Peninsula
Salug,Zamboanga del Norte,Region IX - Zamboanga Peninsula
Sergio Osmeña,Zamboanga del Norte,Region IX - Zamboanga Peninsula
Siayan,Zamboanga del Norte,Region IX - Zamboanga Peninsula
Sibuco,Zamboanga del Norte,Region IX - Zamboanga Peninsula
Sibutad,Zamboanga del Norte,Region IX - Zamboanga Peninsula
Sindangan,Zamboanga del Norte,Region IX - Zamboanga Peninsula
Siocon,Zamboanga del Norte,Region IX - Zamboanga Peninsula
Sirawai,Zamboanga del Norte,Region IX - Zamboanga Peninsula
Tampilisan,Zamboanga del Norte,Region IX - Zamboanga Peninsula
Aurora,Zamboanga del Sur,Region IX - Zamboanga Peninsula
Bayog,Zamboanga del Sur,Region IX - Zamboanga Peninsula
Dimataling,Zamboanga del Sur,Region IX - Zamboanga Peninsula
Dinas,Zamboanga del Sur,Region IX - Zamboanga Peninsula
Dumalinao,Zamboanga del Sur,Region IX - Zamboanga Peninsula
Dumingag,Zamboanga del Sur,Region IX - Zamboanga Peninsula
Guipos,Zamboanga del Sur,Region IX - Zamboanga Peninsula
Josefina,Zamboanga del Sur,Region IX - Zamboanga Peninsula
Kumalarang,Zamboanga del Sur,Region IX - Zamboanga Peninsula
Labangan,Zamboanga del Sur,Region IX - Zamboanga Peninsula
Lakewood,Zamboanga del Sur,Region IX - Zamboanga Peninsula
Lapuyan,Zamboanga del Sur,Region IX - Zamboanga Peninsula
Mahayag,Zamboanga del Sur,Region IX - Zamboanga Peninsula
Margosatubig,Zamboanga del Sur,Region IX - Zamboanga Peninsula
Midsalip,Zamboanga del Sur,Region IX - Zamboanga Peninsula
Molave,Zamboanga del Sur,Region IX - Zamboanga Peninsula
Pagadian,Zamboanga del Sur,Region IX - Zamboanga Peninsula
Pitogo,Zamboanga del Sur,Region IX - Zamboanga Peninsula
Ramon Magsaysay,Zamboanga del Sur,Region IX - Zamboanga Peninsula
San Miguel,Zamboanga del Sur,Region IX - Zamboanga Peninsula
San Pablo,Zamboanga del Sur,Region IX - Zamboanga Peninsula
Sominot,Zamboanga del Sur,Region IX - Zamboanga Peninsula
Tabina,Zamboanga del Sur,Region IX - Zamboanga Peninsula
Tambulig,Zamboanga del Sur,Region IX - Zamboanga Peninsula
Tigbao,Zamboanga del Sur,Region IX - Zamboanga Peninsula
Tukuran,Zamboanga del Sur,Region IX - Zamboanga Peninsula
Vincenzo A. Sagun,Zamboanga del Sur,Region IX - Zamboanga Peninsula
Zamboanga City,Zamboanga del Sur,Region IX - Zamboanga Peninsula
Alicia,Zamboanga Sibugay,Region IX - Zamboanga Peninsula
Buug,Zamboanga Sibugay,Region IX - Zamboanga Peninsula
Diplahan,Zamboanga Sibugay,Region IX - Zamboanga Peninsula
Imelda,Zamboanga Sibugay,Region IX - Zamboanga Peninsula
Ipil,Zamboanga Sibugay,Region IX - Zamboanga Peninsula
Kabasalan,Zamboanga Sibugay,Region IX - Zamboanga Peninsula
Mabuhay,Zamboanga Sibugay,Region IX - Zamboanga Peninsula
Malangas,Zamboanga Sibugay,Region IX - Zamboanga Peninsula
Naga,Zamboanga Sibugay,Region IX - Zamboanga Peninsula
Olutanga,Zamboanga Sibugay,Region IX - Zamboanga Peninsula
Payao,Zamboanga Sibugay,Region IX - Zamboanga Peninsula
Roseller Lim,Zamboanga Sibugay,Region IX - Zamboanga Peninsula
Siay,Zamboanga Sibugay,Region IX - Zamboanga Peninsula
Talusan,Zamboanga Sibugay,Region IX - Zamboanga Peninsula
Titay,Zamboanga Sibugay,Region IX - Zamboanga Peninsula
Tungawan,Zamboanga Sibugay,Region IX - Zamboanga Peninsula
